Exists,Page Name,Pages That Link To This Page,Pages Linked from This Page
No,/index.php,,"/index.php/Epilepsy_and_sudden_death:_notes_from_George_Washington's_diaries_on_the_illness_and_death_of_Martha_Parke-Custis_(1756-1773)/index.php/The_sudden_death_of_Patsy_Custis,_or_George_Washington_on_sudden_unexplained_death_in_epilepsy/index.php/Sudden_unexpected_death_in_epilepsy:_Current_knowledge_and_future_directions/index.php/Cardiac_causes_of_sudden_unexpected_death_in_children_and_their_relationship_to_seizures_and_syncope:_Genetic_testing_for_cardiac_electropathies/index.php/Cases_of_diseases_of_the_heart_accompanied_with_pathological_observations"
Yes,/index.php/Epilepsy_and_sudden_death:_notes_from_George_Washington's_diaries_on_the_illness_and_death_of_Martha_Parke-Custis_(1756-1773),"/index.php//www.mediawiki.org/",
Yes,"/index.php/The_sudden_death_of_Patsy_Custis,_or_George_Washington_on_sudden_unexplained_death_in_epilepsy","/index.php//www.mediawiki.org/",
Yes,/index.php/Sudden_unexpected_death_in_epilepsy:_Current_knowledge_and_future_directions,"/index.php//www.mediawiki.org/",
Yes,/index.php/Cardiac_causes_of_sudden_unexpected_death_in_children_and_their_relationship_to_seizures_and_syncope:_Genetic_testing_for_cardiac_electropathies,"/index.php//www.mediawiki.org/",
Yes,/index.php/Cases_of_diseases_of_the_heart_accompanied_with_pathological_observations,"/index.php/index.php/Observations_on_some_cases_of_permanently_slow_pulse//www.mediawiki.org/",/index.php/Observations_on_some_cases_of_permanently_slow_pulse
Yes,/index.php/Spreading_depolarization_in_the_brainstem_mediates_sudden_cardiorespiratory_arrest_in_mouse_SUDEP_models,"/index.php//www.mediawiki.org/",
Yes,/index.php/Increased_QT_dispersion_in_epileptic_children,"/index.php/index.php/New_SCN5A_mutation_in_a_SUDEP_victim_with_idiopathic_epilepsy/index.php/The_cardiac_sodium_channel_mRNA_is_expressed_in_the_developing_and_adult_rat_and_human_brain/index.php/QT_dispersion/index.php/Prevalence_of_cardiac_conduction_disturbances_during_carbamazepine_treatment:_Preliminary_data",
Yes,/index.php/Postictal_heart_rate_oscillations_in_partial_epilepsy,"/index.php//www.mediawiki.org/",
Yes,/index.php/Risk_factors_of_postictal_generalized_EEG_suppression_in_generalized_convulsive_seizures,"/index.php//www.mediawiki.org/",
Yes,/index.php/Cerebral_arrhythmia_influencing_cardiac_rhythm:_A_case_of_ictal_bradycardia,"/index.php//www.mediawiki.org/",
Yes,/index.php/Circulatory_and_respiratory_changes_induced_by_electrical_stimulation_of_limbic_system_(visceral_brain),"/index.php//www.mediawiki.org/",
Yes,/index.php/SUDEP:_Overview_of_definitions_and_review_of_incidence_data,"/index.php//www.mediawiki.org/",
Yes,"/index.php/Epilepsy,_vagal_nerve_stimulation_by_the_NCP_system,_mortality,_and_sudden,_unexpected,_unexplained_death","/index.php//www.mediawiki.org/","/index.php/Epilepsy,_vagal_nerve_stimulation_by_the_NCP_system,_all-cause_mortality,_and_sudden,_unexpected,_unexplained_death"
Yes,"/index.php/Epilepsy,_vagal_nerve_stimulation_by_the_NCP_system,_all-cause_mortality,_and_sudden,_unexpected,_unexplained_death","/index.php/index.php/Epilepsy,_vagal_nerve_stimulation_by_the_NCP_system,_mortality,_and_sudden,_unexpected,_unexplained_death//www.mediawiki.org/",
Yes,/index.php/United_States_perspective_on_definitions_and_classifications,"/index.php//www.mediawiki.org/",
Yes,"/index.php/Sudden_unexpected,_unexplained_death_in_epilepsy_autopsied_patients","/index.php/index.php/Verbal_autopsies_and_SUDEP//www.mediawiki.org/",
Yes,/index.php/Diagnostic_accuracy_of_audio-based_seizure_detection_in_patients_with_severe_epilepsy_and_an_intellectual_disability,"/index.php//www.mediawiki.org/",
Yes,/index.php/Physical_activity_in_sudden_unexpected_death_in_epilepsy:_Much_more_than_a_simple_sport,"/index.php//www.mediawiki.org/",
Yes,/index.php/Clinical_features_of_sudden_unexpected_death_in_epilepsy,"/index.php//www.mediawiki.org/",
Yes,/index.php/Periodic_respiratory_pattern_occurring_in_conjunction_with_eye_movements_during_sleep,"/index.php//www.mediawiki.org/",
No,/index.php/Lamotrigine_in_idiopathic_epilepsy_â€“_Increased_risk_of_cardiac_death?,,/index.php/An_insufficient_effect_of_lamotrigine_leading_to_fatal_seizures
Yes,/index.php/An_insufficient_effect_of_lamotrigine_leading_to_fatal_seizures,"/index.php/index.php/Lamotrigine_in_idiopathic_epilepsy_â€“_Increased_risk_of_cardiac_death?//www.mediawiki.org/",
Yes,/index.php/New_SCN5A_mutation_in_a_SUDEP_victim_with_idiopathic_epilepsy,"/index.php//www.mediawiki.org/",/index.php/Increased_QT_dispersion_in_epileptic_children
Yes,/index.php/Postictal_breathing_pattern_distinguishes_epileptic_from_nonepileptic_convulsive_seizures,"/index.php//www.mediawiki.org/",
Yes,/index.php/On_the_modes_of_death_in_epilepsy,"/index.php//www.mediawiki.org/",
Yes,"/index.php/Exome-based_analysis_of_cardiac_arrhythmia,_respiratory_control_and_epilepsy_genes_in_sudden_unexpected_death_in_epilepsy","/index.php//www.mediawiki.org/",
Yes,"/index.php/Ictal_hypoxemia_in_localization-related_epilepsy:_Analysis_of_incidence,_severity_and_risk_factors","/index.php//www.mediawiki.org/",/index.php/Oxygen_desaturations_triggered_by_partial_seizures:_Implications_for_cardiopulmonary_instability_in_epilepsy
Yes,/index.php/Ictal_hypoventilation_contributes_to_cardiac_arrhythmia_and_sudep:_Report_on_two_deaths_in_video-eeg-monitored_patients,"/index.php//www.mediawiki.org/",
Yes,/index.php/Ictal_hypoventilation_contributes_to_cardiac_arrhythmia_and_SUDEP:_report_on_two_deaths_in_video-EEG-monitored_patients,"/index.php//www.mediawiki.org/",
Yes,/index.php/SSRI_are_associated_with_reduced_severity_of_ictal_hypoxemia_in_medically_refractory_partial_epilepsy,"/index.php//www.mediawiki.org/",
Yes,/index.php/Dynamics_of_convulsive_seizure_termination_and_postictal_generalized_EEG_suppression,"/index.php//www.mediawiki.org/",
Yes,"/index.php/Sudden_unexpected_death_in_epilepsy._Risk_factors,_possible_225_mechanisms_and_prevention:_A_reappraisal","/index.php//www.mediawiki.org/",
Yes,/index.php/Seasonality_as_a_risk_factor_for_sudden_unexpected_death_in_epilepsy:_A_study_in_a_large_cohort,"/index.php//www.mediawiki.org/",
Yes,/index.php/Carbamazepine_and_cardiac_conduction_disturbances,"/index.php//www.mediawiki.org/",
Yes,/index.php/Quantitative_analysis_of_surface_electromyography:_Biomarkers_for_convulsive_seizures,"/index.php//www.mediawiki.org/",
Yes,/index.php/Sudden_unexpected_death_in_young_adults_including_four_cases_of_SADS:_A_10-year_review_from_the_west_of_Ireland,"/index.php//www.mediawiki.org/",
Yes,/index.php/Review_of_the_legal_obligations_of_the_doctor_to_discuss_Sudden_Unexplained_Death_in_Epilepsy_(SUDEP)_â€“_A_cohort_controlled_comparative_cross-matched_study_in_an_outpatient_epilepsy_clinic,"/index.php//www.mediawiki.org/",/index.php/Sudden_unexpected_death_in_epilepsy:_A_search_for_risk_factors
Yes,/index.php/Mortality_in_epilepsy,"/index.php//www.mediawiki.org/",
Yes,/index.php/Sinus_node_recovery_time_assessment_revisited:_Role_of_pharmacologic_blockade_of_the_autonomic_nervous_system,"/index.php//www.mediawiki.org/",
No,/index.php/Microglia_PACAP_and_glutamate:_Friends_or_foes_in_seizure-induced_autonomic_dysfunction_and_SUDEP?,,
No,/index.php/Sudden_unexplained_death_explained?,,
Yes,/index.php/Sudden_unexplained_death_in_epilepsy:_An_intracranially_monitored_case,"/index.php//www.mediawiki.org/",
Yes,/index.php/SUDEP_â€“_Whether_to_tell_and_when,"/index.php//www.mediawiki.org/",
Yes,/index.php/Oxygen_desaturations_triggered_by_partial_seizures:_Implications_for_cardiopulmonary_instability_in_epilepsy,"/index.php/index.php/Ictal_hypoxemia_in_localization-related_epilepsy:_Analysis_of_incidence,_severity_and_risk_factors//www.mediawiki.org/",/index.php/Incidence_and_mechanisms_of_cardiorespiratory_arrests_in_epilepsy_monitoring_units_(MORTEMUS):_a_retrospective_study
Yes,/index.php/Electrocardiographic_accompaniments_of_temporal_lobe_epileptic_seizures,"/index.php//www.mediawiki.org/",
Yes,/index.php/Premature_deaths_in_persons_with_seizure_disorders_â€“_Subtherapeutic_levels_of_anticonvulsant_drugs_in_postmortem_blood_specimens,"/index.php//www.mediawiki.org/",
Yes,/index.php/Increased_pulmonary_vascular_permeability_follows_intracranial_hypertension_in_sheep,"/index.php//www.mediawiki.org/",
Yes,/index.php/Ischemic_and_anoxic_dissolution_of_the_supramedullary_control_of_respiration,"/index.php//www.mediawiki.org/",
Yes,/index.php/The_ictal_bradycardia_syndrome:_Localization_and_lateralization,"/index.php//www.mediawiki.org/",
No,/index.php/When_are_episodes_of_loss_of_consciousness_life-threatening?,,
No,/index.php/Should_patients_or_their_families_be_told_of_the_risk_of_Sudden_Unexplained_Death_in_Epilepsy?,,
No,/index.php/Should_all_patients_be_told_about_sudden_unexpected_death_in_epilepsy_(SUDEP)?_Pros_and_Cons,,
Yes,/index.php/Lengthening_of_corrected_QT_during_epileptic_seizures,"/index.php//www.mediawiki.org/",
Yes,/index.php/Sudden_death_and_epilepsy,"/index.php//www.mediawiki.org/",
Yes,/index.php/Death_in_the_shadows,"/index.php//www.mediawiki.org/",
Yes,/index.php/Death_in_children_with_epilepsy:_A_population-based_study,"/index.php//www.mediawiki.org/",
Yes,/index.php/Sudden_unexpected_death_in_people_with_epilepsy:_A_pediatric_perspective,"/index.php//www.mediawiki.org/",
Yes,/index.php/Asystole_induced_by_partial_seizures:_A_rare_cause_of_syncope,"/index.php//www.mediawiki.org/",
Yes,/index.php/Detecting_nocturnal_convulsions:_Efficacy_of_the_MP5_monitor,"/index.php//www.mediawiki.org/",
Yes,/index.php/Effect_of_phenobarbital_pretreatment_on_cardiac_neural_discharge_and_pentylenetetrazol-induced_epileptogenic_activity_in_the_cat,"/index.php//www.mediawiki.org/",
Yes,/index.php/An_observation_of_the_effect_of_the_electrical_stimulation_of_the_temporal_lobes_on_blood_pressure_in_man,"/index.php//www.mediawiki.org/",
Yes,/index.php/Effect_upon_blood_pressure_of_electrical_stimulation_of_tips_of_temporal_lobes_in_man,"/index.php//www.mediawiki.org/",
Yes,/index.php/Physiological_evidence_concerning_importance_of_the_amygdaloid_nuclear_region_in_the_integration_of_circulatory_function_and_emotion_in_man,"/index.php//www.mediawiki.org/",
Yes,/index.php/Present_status_of_the_relationship_of_brain_structures_to_the_circulation_and_emotional_expression_in_man,"/index.php//www.mediawiki.org/",
Yes,/index.php/Stiripentol_in_severe_myoclonic_epilepsy_in_infancy:_a_randomised_placebo-controlled_syndrome-dedicated_trial._STICLO_study_group,"/index.php//www.mediawiki.org/",
Yes,/index.php/A_case_of_neurogenic_pulmonary_edema_associated_with_epileptic_seizure,"/index.php//www.mediawiki.org/",
Yes,/index.php/The_mortality_and_morbidity_of_febrile_seizures,"/index.php//www.mediawiki.org/",
Yes,/index.php/A_population-based_post_mortem_study_of_sudden_unexpected_death_in_epilepsy,"/index.php//www.mediawiki.org/",
Yes,/index.php/Cerebrospinal_fluid_adenosine_concentration_and_uncoupling_of_cerebral_blood_flow_and_oxidative_metabolism_after_severe_head_injury_in_humans,"/index.php//www.mediawiki.org/",
Yes,/index.php/Mortality_from_epilepsy:_Results_from_a_prospective_population-based_study,"/index.php//www.mediawiki.org/",
Yes,/index.php/Switching_of_the_respiratory_phases_and_evoked_phrenic_responses_produced_by_rostral_pontine_electrical_stimulation,"/index.php//www.mediawiki.org/",
Yes,/index.php/Pulmonary_afferent_and_central_influences_on_respiratory_phase-switching_in_the_cat,"/index.php//www.mediawiki.org/",
Yes,/index.php/Partial_epilepsy_presenting_as_episodic_dyspnea:_A_specific_network_involved_in_limbic_seizure_propagation,"/index.php//www.mediawiki.org/",
Yes,/index.php/Decreased_neuronal_burst_discharge_near_site_of_seizure_onset_in_epileptic_human_temporal_lobes,"/index.php//www.mediawiki.org/",
Yes,/index.php/Neuronal_synchrony_in_relation_to_burst_discharge_in_epileptic_human_temporal_lobes,"/index.php//www.mediawiki.org/",
Yes,/index.php/Interspike_intervals_during_interictal_periods_in_human_temporal_lobe_epilepsy,"/index.php//www.mediawiki.org/",
Yes,/index.php/Bradycardia_and_syncope_as_manifestations_of_partial_epilepsy,"/index.php//www.mediawiki.org/",
Yes,/index.php/Mortality_in_Dravet_Syndrome,"/index.php//www.mediawiki.org/",
Yes,/index.php/Cardiac_arrhythmias_and_SUDEP--Commentary_on_Hindocha_et_al.,"/index.php//www.mediawiki.org/",
Yes,/index.php/Activation_of_limbic_structures_during_CO2-stimulated_breathing_in_awake_man,"/index.php//www.mediawiki.org/",
Yes,/index.php/Evidence_for_limbic_system_activation_during_CO2-stimulated_breathing_in_man,"/index.php//www.mediawiki.org/",
Yes,/index.php/Effects_of_phenobarbital_on_cerebral_blood_flow_during_hypoxia,"/index.php//www.mediawiki.org/",
Yes,/index.php/Partial_seizures_with_apnea_and_bradycardia,"/index.php//www.mediawiki.org/",
Yes,/index.php/Coronersâ€™_autopsy_reporting_of_sudden_unexplained_death_in_epilepsy_(SUDEP)_in_the_UK,"/index.php//www.mediawiki.org/",
Yes,/index.php/Cerebral_correlates_of_autonomic_cardiovascular_arousal:_A_functional_neuroimaging_investigation_in_humans,"/index.php//www.mediawiki.org/",
Yes,/index.php/Phenytoin_and_phenobarbital_inhibit_human_HERG_potassium_channels,"/index.php//www.mediawiki.org/",
Yes,"/index.php/Effects_of_the_antiepileptic_drugs_lamotrigine,_topiramate_and_gabapentin_on_hERG_potassium_currents","/index.php//www.mediawiki.org/",
Yes,/index.php/Effects_of_seizure_severity_and_seizure_repetition_on_postictal_cardiac_arrhythmia_following_maximal_electroshock,"/index.php//www.mediawiki.org/",
Yes,/index.php/Cardiac_dysrhythmia_associated_with_the_immediate_postictal_state_after_maximal_electroshock_in_freely_moving_rat,"/index.php//www.mediawiki.org/",
Yes,/index.php/Sudden_unexpected_death_in_epilepsy:_a_series_from_an_epilepsy_surgery_program_and_speculation_on_the_relationship_to_sudden_cardiac_death,"/index.php//www.mediawiki.org/",
Yes,/index.php/Sudden_unexpected_death_of_epileptic_patient_due_to_cardiac_arrhythmia_after_seizure,"/index.php//www.mediawiki.org/",
Yes,/index.php/The_long_QT_syndrome_and_seizures_in_childhood,"/index.php//www.mediawiki.org/",
No,/index.php/The_mystery_of_Gustave_Flaubert's_death:_could_sudden_unexpected_death_in_epilepsy_be_part_of_the_context?,,
Yes,/index.php/Interactions_between_respiration_and_circulation,"/index.php//www.mediawiki.org/",
No,/index.php/Is_there_progress_in_the_autopsy_diagnosis_of_sudden_unexpected_death_in_adults?,,
Yes,"/index.php/N-3_fatty_acids_(fish_oil)_for_epilepsy,_cardiac_risk_factors,_and_risk_of_SUDEP:_clues_from_a_pilot,_double-blind,_exploratory_study","/index.php//www.mediawiki.org/",
Yes,/index.php/Circulatory_effects_of_cortical_stimulation,"/index.php//www.mediawiki.org/",
Yes,/index.php/Sudden_unexplained_death_among_subjects_with_refractory_epilepsy,"/index.php//www.mediawiki.org/",
Yes,/index.php/Mortality_in_children_with_epilepsy._A_clinical_prospective_study,"/index.php//www.mediawiki.org/",
Yes,/index.php/Cardiac_manifestations_of_complex_partial_seizures,"/index.php//www.mediawiki.org/",
Yes,/index.php/Interictal_autonomic_nervous_system_function_in_patients_with_epilepsy,"/index.php//www.mediawiki.org/",
Yes,/index.php/Bradycardia_and_asystole_induced_by_partial_seizures:_A_case_report_and_literature_review,"/index.php//www.mediawiki.org/",
Yes,/index.php/Effects_of_Seizures_on_Autonomic_and_Cardiovascular_Function,"/index.php//www.mediawiki.org/",
Yes,/index.php/Recognizing_and_preventing_epilepsy-related_mortality:_A_call_for_action,"/index.php//www.mediawiki.org/",
Yes,/index.php/SUDEP:_The_death_of_nihilism,"/index.php//www.mediawiki.org/",
Yes,/index.php/Underestimation_of_sudden_deaths_among_patients_with_seizures_and_epilepsy,"/index.php//www.mediawiki.org/",
Yes,"/index.php/Sudden_unexpected_death_in_epilepsy:_epidemiology,_mechanisms,_and_prevention","/index.php//www.mediawiki.org/",
Yes,/index.php/Breathing_inhibited_when_seizures_spread_to_the_amygdala_and_upon_amygdala_stimulation,"/index.php/index.php/Respiratory_modulation_of_neuronal_discharge_in_the_central_nucleus_of_the_amygdala_during_sleep_and_waking_states//www.mediawiki.org/",/index.php/Respiratory_modulation_of_neuronal_discharge_in_the_central_nucleus_of_the_amygdala_during_sleep_and_waking_states
Yes,/index.php/The_cardiac_sodium_channel_mRNA_is_expressed_in_the_developing_and_adult_rat_and_human_brain,"/index.php//www.mediawiki.org/",/index.php/Increased_QT_dispersion_in_epileptic_children
Yes,/index.php/Sudden_unexplained_death_in_children_with_epilepsy,"/index.php//www.mediawiki.org/",
Yes,/index.php/After_sudden_unexpected_death_in_epilepsy:_Lessons_learned_and_the_road_forward,"/index.php//www.mediawiki.org/",
Yes,/index.php/Electrocardiography_in_epilepsy_patients_without_cardiac_symptoms,"/index.php//www.mediawiki.org/",
Yes,/index.php/Electrophysiologic_assessment_of_autonomic_function_in_epilepsy,"/index.php//www.mediawiki.org/",
Yes,/index.php/Severe_myoclonic_epilepsy_in_infancy:_Dravet_syndrome,"/index.php//www.mediawiki.org/",
Yes,/index.php/Interictal_cardiac_autonomic_dysfunction_in_temporal_lobe_epilepsy_demonstrated_by_123I-metaiodobenzylguanidine-SPECT,"/index.php//www.mediawiki.org/",
Yes,/index.php/Limbic_forebrain_and_midbrain_modulation_and_phase-switching_of_expiratory_neurons,"/index.php//www.mediawiki.org/",
Yes,/index.php/Limbic_system_modulation_of_respiratory_neurones,"/index.php//www.mediawiki.org/",
No,/index.php/Cardiac_side_effects_of_phenytoin_and_carbamazepine._A_dose-related_phenomenon?,,
Yes,/index.php/Adenosine:_a_potential_mediator_of_seizure_arrest_and_post-ictal_refractoriness,"/index.php//www.mediawiki.org/",
Yes,/index.php/Impaired_baroreflex_function_in_temporal_lobe_epilepsy,"/index.php//www.mediawiki.org/",
Yes,/index.php/Cerebral_autoregulation_improves_in_epilepsy_patients_after_temporal_lobe_surgery,"/index.php//www.mediawiki.org/",
Yes,/index.php/Non-invasive_assessment_of_cardioregulatory_autonomic_functions_in_children_with_epilepsy,"/index.php//www.mediawiki.org/",
Yes,/index.php/Cardiac_rhythm_during_temporal_lobe_seizures,"/index.php//www.mediawiki.org/",
Yes,/index.php/Cardiac_activity_during_epileptic_seizures,"/index.php//www.mediawiki.org/",
Yes,/index.php/Time_and_frequency_domain_analyses_of_heart_rate_variability_in_patients_with_epilepsy,"/index.php//www.mediawiki.org/",
Yes,/index.php/Post-mortem_findings_of_cardiac_lesions_in_epileptics:_a_preliminary_report,"/index.php//www.mediawiki.org/",/index.php/Age-specific_peri-ictal_electroclinical_features_of_generalized_tonic-clonic_seizures_and_potential_risk_of_sudden_unexpected_death_in_epilepsy_SUDEP
Yes,/index.php/Nonadherence_to_antiepileptic_drugs_and_increased_mortality:_findings_from_the_RANSOM_study,"/index.php//www.mediawiki.org/",
Yes,/index.php/Central_cardio-autonomic_disorganization_in_interictal_states_of_epilepsy_detected_by_phase_space_analysis,"/index.php//www.mediawiki.org/",
Yes,"/index.php/Breathing:_rhythmicity,_plasticity,_chemosensitivity","/index.php//www.mediawiki.org/",
Yes,/index.php/Heart_rate_variability_during_sleep_in_children_with_partial_epilepsy,"/index.php//www.mediawiki.org/",
Yes,/index.php/Sudden_unexplained_death_and_injury_in_epilepsy,"/index.php//www.mediawiki.org/",
Yes,/index.php/Cardiac_asystole_masquerading_as_temporal_lobe_epilepsy,"/index.php//www.mediawiki.org/",
Yes,/index.php/Population-based_study_of_the_incidence_of_sudden_unexplained_death_in_epilepsy,"/index.php//www.mediawiki.org/",
Yes,/index.php/Cardiopulmonary_surveillance_to_prevent_SUDEP,"/index.php//www.mediawiki.org/",
Yes,/index.php/Sudden_unexpected_death_in_epilepsy:_Impact_on_clinical_practice,"/index.php//www.mediawiki.org/",
Yes,/index.php/Age-specific_peri-ictal_electroclinical_features_of_generalized_tonic-clonic_seizures_and_potential_risk_of_sudden_unexpected_death_in_epilepsy_SUDEP,"/index.php/index.php/Post-mortem_findings_of_cardiac_lesions_in_epileptics:_a_preliminary_report//www.mediawiki.org/",
Yes,/index.php/Autonomic_epilepsy,"/index.php//www.mediawiki.org/",
Yes,/index.php/294_medicolegal_autopsies_on_epileptics:_Cerebral_findings,"/index.php//www.mediawiki.org/",
Yes,/index.php/Sudden_unexpected_death_in_epilepsy:_Knowledge_and_experience_among_US_and_Canadian_neurologists,"/index.php//www.mediawiki.org/",
Yes,/index.php/Seizure-related_injuries_are_underreported_in_pharmacoresistant_localization-related_epilepsy,"/index.php//www.mediawiki.org/",
Yes,/index.php/Recurring_discharge_patterns_in_multiple_spike_trains,"/index.php//www.mediawiki.org/",
Yes,/index.php/Cardiac_and_respiratory_relationships_with_neural_discharge_in_the_anterior_cingulate_cortex_during_sleep-walking_states,"/index.php//www.mediawiki.org/",
Yes,/index.php/Cardiac_and_respiratory_correlations_with_unit_discharge_in_human_amygdala_and_hippocampus,"/index.php//www.mediawiki.org/","/index.php/Amygdala_sclerosis_in_sudden_and_unexpected_death_in_epilepsy/index.php/Respiratory_modulation_of_neuronal_discharge_in_the_central_nucleus_of_the_amygdala_during_sleep_and_waking_states"
Yes,/index.php/Cardiac_and_respiratory_correlations_with_unit_discharge_in_epileptic_human_temporal_lobe,"/index.php//www.mediawiki.org/",
Yes,/index.php/Sleep_states_attenuate_the_pressor_response_to_central_amygdala_stimulation,"/index.php//www.mediawiki.org/",/index.php/Respiratory_modulation_of_neuronal_discharge_in_the_central_nucleus_of_the_amygdala_during_sleep_and_waking_states
Yes,/index.php/Cardiovascular_and_respiratory_relationships_with_neuronal_discharge_in_the_central_nucleus_of_the_amygdala_during_sleep-waking_states,"/index.php//www.mediawiki.org/",
Yes,/index.php/Interictal_heart_rate_patterns_in_partial_seizure_disorders,"/index.php//www.mediawiki.org/",
Yes,/index.php/Clinical_spectrum_of_mutations_in_SCN1A_gene:_severe_myoclonic_epilepsy_in_infancy_and_related_epilepsies,"/index.php//www.mediawiki.org/",
Yes,/index.php/Epileptic_Seizure_Prediction_Based_on_Multivariate_Statistical_Process_Control_of_Heart_Rate_Variability_Features,"/index.php//www.mediawiki.org/",
Yes,/index.php/Partial_epileptic_seizures_of_different_origin_variably_affect_cardiac_rhythm,"/index.php//www.mediawiki.org/",
Yes,/index.php/Ictal_tachycardia:_Its_discriminating_potential_between_temporal_and_extratemporal_seizure_foci,"/index.php//www.mediawiki.org/",
Yes,/index.php/Prolonged_QT_syndrome_presenting_as_epilepsy,"/index.php//www.mediawiki.org/",
Yes,/index.php/Parental_and_physician_beliefs_regarding_the_provision_and_content_of_written_sudden_unexpected_death_in_epilepsy_(SUDEP)_information,"/index.php//www.mediawiki.org/",
Yes,/index.php/Comparison_of_anti-epileptic_drug_levels_in_different_cases_of_sudden_death,"/index.php/index.php/A_review_of_sudden_unexpected_death_in_epilepsy:_Prediction_of_patients_at_risk/index.php/Sudden_unexpected_death_in_epilepsy_(SUDEP):_A_clinical_perspective_and_a_search_for_risk_factors/index.php/Sudden_unexpected_death_associated_with_seizures:_Analysis_of_66_cases/index.php/Comparison_of_antiepileptic_drug_levels_in_sudden_unexpected_deaths_in_epilepsy_with_deaths_from_other_causes",
Yes,/index.php/Infant_sleeping_position_and_the_sudden_infant_death_syndrome:_systematic_review_of_observational_studies_and_historical_review_of_recommendations_from_1940_to_2002,"/index.php//www.mediawiki.org/",
Yes,/index.php/Kv1.1_potassium_channel_deficiency_reveals_brain-driven_cardiac_dysfunction_as_a_candidate_mechanism_for_sudden_unexplained_death_in_epilepsy,"/index.php//www.mediawiki.org/",
Yes,/index.php/Sudden_unexpected_death_in_epilepsy_genetics:_Molecular_diagnostics_and_prevention,"/index.php//www.mediawiki.org/",
Yes,/index.php/Arrhythmia_in_heart_and_brain:_KCNQ1_mutations_link_epilepsy_and_sudden_unexplained_death,"/index.php//www.mediawiki.org/",
No,/index.php/Is_there_something_special_about_cardiovascular_abnormalities_and_sudden_unexpected_death_in_epilepsy_among_patients_with_chronic_renal_insufficiency_in_regular_hemodialysis_program?,,
Yes,/index.php/Electrocardiographic_disorders_associated_to_recent_onset_epilepsy,"/index.php//www.mediawiki.org/",
Yes,/index.php/Causes_of_death_in_epilepsy_patients_who_died_in_a_Cuban_psychiatric_hospital,"/index.php//www.mediawiki.org/",
Yes,/index.php/Kindled_seizures_elevate_blood_pressure_and_induce_cardiac_arrhythmias,"/index.php//www.mediawiki.org/",
Yes,/index.php/Kindled_seizures_activate_both_branches_of_the_autonomic_nervous_system,"/index.php//www.mediawiki.org/",
Yes,/index.php/Cardiac_causes_of_sudden_death:_Virtual_panel_discussion_of_posed_questions,"/index.php//www.mediawiki.org/",
Yes,/index.php/Hard_Choices:_Whether_and_How_to_Address_SUDEP_With_Epileptic_Patients,"/index.php//www.mediawiki.org/",
Yes,/index.php/CNS_innervation_of_vagal_preganglionic_neurons_controlling_peripheral_airways:_a_transneuronal_labeling_study_using_pseudorabies_virus,"/index.php//www.mediawiki.org/",
Yes,/index.php/Epilepsy_and_sudden_death:_A_personal_view,"/index.php//www.mediawiki.org/",
Yes,/index.php/The_national_sentinel_clinical_audit_of_epilepsy_related_death:_Epilepsy_â€“_Death_in_the_shadows,"/index.php//www.mediawiki.org/",
Yes,/index.php/Practice_guideline_summary:_Sudden_unexpected_death_in_epilepsy_incidence_rates_and_risk_factors,"/index.php//www.mediawiki.org/",
Yes,/index.php/Heart_rate_variability_in_children_with_refractory_generalized_epilepsy,"/index.php//www.mediawiki.org/",
Yes,/index.php/Heart_rate_variability_in_patients_with_frontal_lobe_epilepsy,"/index.php//www.mediawiki.org/",
Yes,/index.php/State-dependent_alteration_of_respiratory_cycle_timing_by_stimulation_of_the_central_nucleus_of_the_amygdala,"/index.php//www.mediawiki.org/",
Yes,/index.php/Cardiorespiratory_control_during_sleep,"/index.php//www.mediawiki.org/",
Yes,/index.php/Suprapontine_influences_on_respiratory_patterning_during_sleep-waking_states,"/index.php//www.mediawiki.org/",
Yes,/index.php/Rostral_brain_regions_contributing_to_respiratory_control,"/index.php//www.mediawiki.org/",
Yes,/index.php/Regional_brain_activation_in_humans_during_respiratory_and_blood_pressure_challenges,"/index.php//www.mediawiki.org/",
Yes,/index.php/Relationships_between_hippocampal_activity_and_breathing_patterns,"/index.php//www.mediawiki.org/",
Yes,/index.php/Lateralized_and_widespread_brain_activation_during_transient_blood_pressure_elevation_revealed_by_magnetic_resonance_imaging,"/index.php//www.mediawiki.org/",
Yes,/index.php/FMRI_responses_to_cold_pressor_challenges_in_control_and_obstructive_sleep_apnea_subjects,"/index.php//www.mediawiki.org/",
Yes,/index.php/National_General_Practice_Study_of_Epilepsy_and_Epileptic_Seizures:_Objectives_and_study_methodology_of_the_largest_reported_prospective_cohort_study_of_epilepsy,"/index.php//www.mediawiki.org/",
Yes,/index.php/Community-based_study_of_mortality_in_children_with_epilepsy,"/index.php//www.mediawiki.org/",
Yes,/index.php/Persistence_of_impaired_autoregulation_of_cerebral_blood_flow_in_the_postictal_period_in_piglets,"/index.php//www.mediawiki.org/",
Yes,/index.php/Sudden_withdrawal_of_carbamazepine_increases_cardiac_sympathetic_activity_in_sleep,"/index.php//www.mediawiki.org/",
Yes,/index.php/Epileptic_seizure-induced_hypoxemia_in_infants_with_apparent_life-threatening_events,"/index.php//www.mediawiki.org/",/index.php/Incidence_and_mechanisms_of_cardiorespiratory_arrests_in_epilepsy_monitoring_units_(MORTEMUS):_a_retrospective_study
Yes,/index.php/Hypoxaemia_and_cardiorespiratory_changes_during_epileptic_seizures_in_young_children,"/index.php//www.mediawiki.org/",/index.php/Incidence_and_mechanisms_of_cardiorespiratory_arrests_in_epilepsy_monitoring_units_(MORTEMUS):_a_retrospective_study
Yes,/index.php/QT_dispersion,"/index.php//www.mediawiki.org/",/index.php/Increased_QT_dispersion_in_epileptic_children
Yes,/index.php/Hemispheric_influence_on_autonomic_modulation_and_baroreflex_sensitivity,"/index.php//www.mediawiki.org/",
Yes,/index.php/Decrease_of_sympathetic_cardiovascular_modulation_after_temporal_lobe_epilepsy_surgery,"/index.php//www.mediawiki.org/",
Yes,/index.php/Outcome_of_epilepsy_surgery_correlates_with_sympathetic_modulation_and_neuroimaging_of_the_heart,"/index.php//www.mediawiki.org/",
Yes,/index.php/Right_ventromedial_prefrontal_lesions_result_in_paradoxical_cardiovascular_activation_with_emotional_stimuli,"/index.php//www.mediawiki.org/",
Yes,/index.php/Two_cases_of_sudden_unexpected_death_in_epilepsy_in_a_GEFS+_family_with_an_SCN1A_mutation,"/index.php//www.mediawiki.org/",
Yes,/index.php/Unexpected_death_in_young_epileptics,"/index.php//www.mediawiki.org/",
No,/index.php/Can_sudden_unexplained_death_in_epilepsy_be_prevented?,,
Yes,/index.php/Sudden_unexpected_death_in_epilepsy:_A_search_for_risk_factors,"/index.php/index.php/Review_of_the_legal_obligations_of_the_doctor_to_discuss_Sudden_Unexplained_Death_in_Epilepsy_(SUDEP)_â€“_A_cohort_controlled_comparative_cross-matched_study_in_an_outpatient_epilepsy_clinic/index.php/A_review_of_sudden_unexpected_death_in_epilepsy:_Prediction_of_patients_at_risk/index.php/Incidence_and_mechanisms_of_cardiorespiratory_arrests_in_epilepsy_monitoring_units_(MORTEMUS):_a_retrospective_study//www.mediawiki.org/",
Yes,/index.php/Phase-switching_of_respiration_induced_by_central_gray_and_hippocampal_stimulation_in_the_cat,"/index.php//www.mediawiki.org/",
Yes,/index.php/Levels_of_integration_of_respiratory_patterns,"/index.php//www.mediawiki.org/",
Yes,"/index.php/Amygdaloid_projections_to_the_mesencephalon,_pons_and_medulla_oblongata_in_the_cat","/index.php/index.php/Direct_projections_from_the_ventrolateral_medulla_oblongata_to_the_limbic_forebrain:_Anterograde_and_retrograde_tract-tracing_studies_in_the_rat//www.mediawiki.org/","/index.php/Direct_projections_from_the_ventrolateral_medulla_oblongata_to_the_limbic_forebrain:_Anterograde_and_retrograde_tract-tracing_studies_in_the_rat/index.php/Respiratory_modulation_of_neuronal_discharge_in_the_central_nucleus_of_the_amygdala_during_sleep_and_waking_states"
Yes,/index.php/Anoxic-epileptic_seizures:_observational_study_of_epileptic_seizures_induced_by_syncopes,"/index.php//www.mediawiki.org/",
Yes,/index.php/ECG_abnormalities_in_epileptics,"/index.php//www.mediawiki.org/",
Yes,/index.php/Cardiac_asystole_associated_with_epileptic_seizures:_A_case_report_with_simultaneous_EEG_and_ECG,"/index.php//www.mediawiki.org/",
Yes,/index.php/A_review_of_sudden_unexpected_death_in_epilepsy:_Prediction_of_patients_at_risk,"/index.php//www.mediawiki.org/","/index.php/Comparison_of_anti-epileptic_drug_levels_in_different_cases_of_sudden_death/index.php/Sudden_unexpected_death_in_epilepsy:_A_search_for_risk_factors"
Yes,/index.php/Cardiogenic_syncope_in_temporal_lobe_epileptic_seizures,"/index.php//www.mediawiki.org/",
Yes,/index.php/Causes_of_death_in_institutionalized_epileptics,"/index.php//www.mediawiki.org/",
Yes,/index.php/Sudden_death_in_epilepsy._A_comprehensive_review_of_the_literature_and_proposed_mechanisms,"/index.php//www.mediawiki.org/",
Yes,"/index.php/Sudden_unexpected_death_in_epilepsy:_Impact,_mechanisms,_and_prevention","/index.php//www.mediawiki.org/",
Yes,/index.php/Sudden_unexplained_death_in_young_persons_with_primary_epilepsy,"/index.php//www.mediawiki.org/",
Yes,/index.php/Postictal_apnea_as_an_important_mechanism_for_SUDEP:_A_near-SUDEP_with_continuous_EEG-ECG-EMG_recording,"/index.php//www.mediawiki.org/",
Yes,/index.php/Estimating_excess_winter_mortality_in_England_and_Wales,"/index.php//www.mediawiki.org/",
Yes,/index.php/Identification_of_a_possible_pathogenic_link_between_congenital_long_QT_syndrome_and_epilepsy,"/index.php//www.mediawiki.org/",
Yes,"/index.php/Sudden_unexpected_death_in_epilepsy_(Johnston,_Smith)","/index.php//www.mediawiki.org/",
Yes,/index.php/The_role_of_hypoventilation_in_a_sheep_model_of_epileptic_sudden_death,"/index.php//www.mediawiki.org/",
Yes,/index.php/Central_apnea_and_acute_cardiac_ischemia_in_a_sheep_model_of_epileptic_sudden_death,"/index.php//www.mediawiki.org/",
Yes,/index.php/Heart_rate_does_not_decrease_after_right_hemispheric_amobarbital_injection,"/index.php//www.mediawiki.org/",
Yes,"/index.php/Respiratory_responses_to_stimulation_of_temporal_pole,_insula,_and_hippocampal_and_limbic_gyri_in_man","/index.php//www.mediawiki.org/",
Yes,"/index.php/Respiratory_and_vascular_responses_in_monkeys_from_temporal_pole,_insula,_orbital_surface_and_cingulate_gyrus;_a_preliminary_report","/index.php//www.mediawiki.org/",
Yes,/index.php/Ictal_bradycardia_in_a_patient_with_a_hypothalamic_hamartoma:_A_stereo-EEG_study,"/index.php//www.mediawiki.org/",
Yes,/index.php/Sudden_unexpected_death_in_a_mouse_model_of_Dravet_syndrome,"/index.php//www.mediawiki.org/",
Yes,/index.php/Effect_of_vagal_nerve_electrostimulation_on_the_power_spectrum_of_heart_rate_variability_in_man,"/index.php//www.mediawiki.org/",
Yes,/index.php/Neurocardiac_responses_to_vagoafferent_electrostimulation_in_humans,"/index.php//www.mediawiki.org/",
Yes,/index.php/Equivocal_significance_of_post-ictal_generalized_EEG_suppression_as_a_marker_of_SUDEP_risk,"/index.php//www.mediawiki.org/",
No,/index.php/Epileptic_cardiac_arrhythmia:_sinoatrial_arrest_in_two_patients:_a_potential_cause_of_sudden_death_in_epilepsy?,,
Yes,/index.php/Cause_of_death_and_predictors_of_mortality_in_a_community-based_cohort_of_people_with_epilepsy,"/index.php//www.mediawiki.org/",
Yes,/index.php/ECG_abnormalities_in_patients_with_epilepsy,"/index.php//www.mediawiki.org/",
Yes,/index.php/Electrocardiographic_changes_during_electrographic_seizures,"/index.php//www.mediawiki.org/",
Yes,/index.php/Bradyarrhythmias_induced_by_antiepileptics_increase_frequency_of_epileptic_seizures,"/index.php//www.mediawiki.org/",
Yes,/index.php/Electrophysiologic_effects_and_clinical_hazards_of_carbamazepine_treatment_for_neurologic_disorders_in_patients_with_abnormalities_of_the_cardiac_conduction_system,"/index.php//www.mediawiki.org/",
No,/index.php/Carbamazepine_induced_bradycardia_â€“_A_problem_in_general_or_only_in_susceptible_patients?_A_24-h_long-term_electrocardiogram_study,,
Yes,/index.php/Electrophysiological_evaluation_of_the_sodium-channel_blocker_carbamazepine_in_healthy_human_subjects,"/index.php//www.mediawiki.org/",
Yes,/index.php/Changes_in_arrhythmia_profile_and_heart_rate_variability_during_abrupt_withdrawal_of_antiepileptic_drugs._Implications_for_sudden_death,"/index.php//www.mediawiki.org/",
Yes,/index.php/Respiratory_Pathophysiology_With_Seizures_and_Implications_for_Sudden_Unexpected_Death_in_Epilepsy,"/index.php//www.mediawiki.org/",
Yes,/index.php/Relation_between_ictal_asystole_and_cardiac_sympathetic_dysfunction_shown_by_MIBG-SPECT,"/index.php//www.mediawiki.org/",
Yes,/index.php/Death_in_Unverricht-Lundborg_disease,"/index.php//www.mediawiki.org/",
Yes,"/index.php/Effects_of_hypercapnia_on_hemodynamic,_inotropic,_lusitropic,_and_electrophysiologic_indices_in_humans","/index.php//www.mediawiki.org/",
Yes,"/index.php/Sudden_death,_febrile_seizures,_and_hippocampal_maldevelopment_in_toddlers:_A_new_entity","/index.php//www.mediawiki.org/",
Yes,/index.php/Sudden_death_in_toddlers_associated_with_developmental_abnormalities_of_the_hippocampus:_a_report_of_five_cases,"/index.php//www.mediawiki.org/",
Yes,/index.php/Sinus_arrest_in_epilepsy,"/index.php//www.mediawiki.org/",
Yes,/index.php/Mortality_in_patients_with_epilepsy:_A_study_of_patients_in_long_term_residential_care,"/index.php//www.mediawiki.org/",
Yes,/index.php/Sudden_unexpected_death_in_epilepsy_(SUDEP):_A_clinical_perspective_and_a_search_for_risk_factors,"/index.php//www.mediawiki.org/",/index.php/Comparison_of_anti-epileptic_drug_levels_in_different_cases_of_sudden_death
Yes,/index.php/Asystolic_Seizures,"/index.php//www.mediawiki.org/",
Yes,"/index.php/Inhibition_of_adenosine_metabolism_induces_changes_in_post-ictal_depression,_respiration,_and_mortality_in_genetically_epilepsy_prone_rats","/index.php//www.mediawiki.org/",
No,/index.php/The_role_of_enkephalins_in_the_production_of_epileptogenic_activity_and_autonomic_dysfunction:_origin_of_arrhythmia_and_sudden_death_in_the_epileptic_patient?,,
Yes,/index.php/Postictal_immobility_and_generalized_EEG_suppression_are_associated_with_the_severity_of_respiratory_dysfunction,"/index.php//www.mediawiki.org/",
Yes,/index.php/The_potential_for_QT_prolongation_by_antiepileptic_drugs_in_children,"/index.php//www.mediawiki.org/",
Yes,/index.php/Amygdala_and_hippocampus_are_symptomatogenic_zones_for_central_apneic_seizures,"/index.php/index.php/Respiratory_modulation_of_neuronal_discharge_in_the_central_nucleus_of_the_amygdala_during_sleep_and_waking_states//www.mediawiki.org/",/index.php/Respiratory_modulation_of_neuronal_discharge_in_the_central_nucleus_of_the_amygdala_during_sleep_and_waking_states
Yes,/index.php/Incidence_and_significance_of_periictal_apnea_in_epileptic_seizures,"/index.php//www.mediawiki.org/",
Yes,/index.php/Sudden_cardiac_arrest_in_people_with_epilepsy_in_the_community:_Circumstances_and_risk_factors,"/index.php//www.mediawiki.org/",
Yes,/index.php/Postictal_generalized_EEG_suppression:_an_inconsistent_finding_in_people_with_multiple_seizures,"/index.php//www.mediawiki.org/",/index.php/Postictal_generalized_electroencephalographic_suppression_is_associated_with_generalized_seizures
Yes,/index.php/Sudden_unexpected_death_in_epilepsy:_people_with_nocturnal_seizures_may_be_at_highest_risk,"/index.php//www.mediawiki.org/",
Yes,/index.php/Differential_effects_of_right_unilateral_and_bilateral_ECT_on_heart_rate,"/index.php//www.mediawiki.org/",
Yes,/index.php/Sudden_unexpected_death_in_epilepsy_(SUDEP):_Risk_factors_and_case_control_studies,"/index.php//www.mediawiki.org/",
Yes,/index.php/Patients_with_epilepsy_who_die_suddenly_do_not_always_have_cardiac_disease,"/index.php//www.mediawiki.org/",
Yes,/index.php/The_incidence_of_sudden_unexpected_death_in_epilepsy_(SUDEP)_in_South_Dublin_and_Wicklow,"/index.php//www.mediawiki.org/",
Yes,/index.php/Sudden_unexpected_death_in_epilepsy:_a_series_of_witnessed_deaths,"/index.php//www.mediawiki.org/",
Yes,/index.php/Certification_of_deaths_attributable_to_epilepsy,"/index.php//www.mediawiki.org/",
Yes,/index.php/Case-control_study_of_SUDEP,"/index.php//www.mediawiki.org/",
Yes,"/index.php/Review_of_autonomic_dysfunction,_cardiac_arrhythmias,_and_epileptogenic_activity","/index.php//www.mediawiki.org/",
Yes,/index.php/Autonomic_dysfunction_in_epilepsy:_characterization_of_autonomic_cardiac_neural_discharge_associated_with_pentylenetetrazol-induced_epileptogenic_activity,"/index.php//www.mediawiki.org/",
Yes,/index.php/Neural_mechanisms_in_cardiac_arrhythmias_associated_with_epileptogenic_activity:_the_effect_of_phenobarbital_in_the_cat,"/index.php//www.mediawiki.org/",
Yes,/index.php/Synchronization_of_cardiac_autonomic_neural_discharge_with_epileptogenic_activity:_The_lockstep_phenomenon,"/index.php//www.mediawiki.org/",
Yes,/index.php/The_effect_of_phenobarbital_on_autonomic_function_and_epileptogenic_activity_induced_by_the_hippocampal_injection_of_penicillin_in_cats,"/index.php//www.mediawiki.org/",
Yes,/index.php/Epilepsy_and_sudden_death:_personal_reflections_and_call_for_global_action,"/index.php//www.mediawiki.org/",
No,/index.php/Clinical_pharmacology:_drugs_as_a_benefit_and/or_risk_in_sudden_unexpected_death_in_epilepsy?,,
Yes,/index.php/Stress_and_sudden_death,"/index.php//www.mediawiki.org/",
Yes,/index.php/Verbal_autopsies_and_SUDEP,"/index.php//www.mediawiki.org/","/index.php/Sudden_unexpected,_unexplained_death_in_epilepsy_autopsied_patients"
Yes,/index.php/The_mystery_of_sudden_death:_Mechanisms_for_risks,"/index.php//www.mediawiki.org/",
Yes,/index.php/Sudden_unexpected_death_in_epilepsy:_a_retrospective_study,"/index.php//www.mediawiki.org/",
Yes,/index.php/Partial_seizures_manifesting_as_apnea_only_in_an_adult,"/index.php//www.mediawiki.org/",
Yes,/index.php/The_role_of_autonomic_dysfunction_in_sudden_unexplained_death_in_epilepsy_patients,"/index.php//www.mediawiki.org/",
Yes,/index.php/Sudden_unexpected_death_associated_with_seizures:_Analysis_of_66_cases,"/index.php//www.mediawiki.org/",/index.php/Comparison_of_anti-epileptic_drug_levels_in_different_cases_of_sudden_death
Yes,/index.php/Sudden_epilepsy_deaths_and_the_forensic_pathologist,"/index.php//www.mediawiki.org/",
Yes,/index.php/A_prospective_study_on_sudden_unexpected_death_in_epilepsy,"/index.php//www.mediawiki.org/",
Yes,/index.php/Sudden_unexplained_death_in_epilepsy:_observations_from_a_large_clinical_development_program,"/index.php//www.mediawiki.org/",
Yes,/index.php/Forensic_considerations_in_sudden_unexpected_death_in_epilepsy,"/index.php//www.mediawiki.org/",
Yes,/index.php/Genome-wide_Polygenic_Burden_of_Rare_Deleterious_Variants_in_Sudden_Unexpected_Death_in_Epilepsy,"/index.php//www.mediawiki.org/",
Yes,"/index.php/Finding_the_missing_link_between_ictal_bradyarrhythmia,_ictal_asystole,_and_sudden_unexpected_death_in_epilepsy","/index.php//www.mediawiki.org/",
Yes,/index.php/Asystole_induced_by_electrical_stimulation_of_the_left_cingulate_gyrus,"/index.php//www.mediawiki.org/",
Yes,/index.php/Electrocardiographic_changes_at_the_onset_of_epileptic_seizures,"/index.php//www.mediawiki.org/",
Yes,"/index.php/Sudden_unexpected_death_in_epilepsy_(Lhatoo,_Sander)","/index.php//www.mediawiki.org/",
Yes,/index.php/Sudden_unexpected_death:_a_rare_event_in_a_large_community_based_prospective_cohort_with_newly_diagnosed_epilepsy_and_high_remission_rates,"/index.php//www.mediawiki.org/",
Yes,"/index.php/Sudden_unexpected_death_in_epilepsy_(Lhatoo,_Langan,_Sander)","/index.php//www.mediawiki.org/",
Yes,"/index.php/Mortality_in_epilepsy_in_the_first_11_to_14_years_after_diagnosis:_multivariate_analysis_of_a_long-term,_prospective,_population-based_cohort","/index.php//www.mediawiki.org/",
Yes,/index.php/An_electroclinical_case-control_study_of_sudden_unexpected_death_in_epilepsy,"/index.php/index.php/Postictal_generalized_electroencephalographic_suppression_is_associated_with_generalized_seizures//www.mediawiki.org/",
Yes,/index.php/Sudden_unexpected_death_in_epilepsy:_Identifying_risk_and_preventing_mortality,"/index.php//www.mediawiki.org/",
Yes,/index.php/Nonseizure_SUDEP:_Sudden_unexpected_death_in_epilepsy_without_preceding_epileptic_seizures,"/index.php//www.mediawiki.org/",
Yes,/index.php/Ictal_ECG_changes_in_temporal_lobe_epilepsy,"/index.php//www.mediawiki.org/",
Yes,/index.php/Association_of_prone_position_with_sudden_unexpected_death_in_epilepsy,"/index.php//www.mediawiki.org/",
Yes,/index.php/Cardiac_arrest_due_to_partial_epileptic_seizures,"/index.php//www.mediawiki.org/",
Yes,"/index.php/Brain_seizes,_heart_ceases:_a_case_of_ictal_asystole","/index.php//www.mediawiki.org/",
No,/index.php/Cardiovascular_causes_of_loss_of_consciousness_in_patients_with_presumed_epilepsy:_a_cause_of_the_increased_sudden_death_rate_in_people_with_epilepsy?,,
No,/index.php/Sudden_death_in_epilepsy:_An_avoidable_outcome?,,
Yes,"/index.php/Psychoactive_agents,_seizure_production,_and_sudden_death_in_epilepsy","/index.php//www.mediawiki.org/",
Yes,/index.php/Living_with_epileptic_seizures,"/index.php//www.mediawiki.org/",
Yes,/index.php/Cardiac_asystole_and_bradycardia_as_a_manifestation_of_left_temporal_lobe_complex_partial_seizure,"/index.php//www.mediawiki.org/",
Yes,/index.php/Epilepsy_in_the_elderly:_Life_expectancy_and_causes_of_death,"/index.php//www.mediawiki.org/",
Yes,/index.php/The_role_of_antiepileptics_in_sudden_death_in_epilepsy,"/index.php//www.mediawiki.org/",
Yes,/index.php/Treatments_for_the_prevention_of_Sudden_Unexpected_Deathin_Epilepsy_(SUDEP),"/index.php//www.mediawiki.org/",
Yes,/index.php/Novel_SCN5A_mutation_(Q55X)_associated_with_age-dependent_expression_of_Brugada_syndrome_presenting_as_neurally_mediated_syncope,"/index.php//www.mediawiki.org/",
Yes,/index.php/Errors_and_misconceptions_in_ECG_measurement_used_for_the_detection_of_drug_induced_QT_interval_prolongation,"/index.php//www.mediawiki.org/",
Yes,/index.php/Sudden_death_in_epilepsy:_An_experimental_animal_model,"/index.php//www.mediawiki.org/",
Yes,/index.php/Ictal_tachycardia_during_temporal_lobe_seizures,"/index.php//www.mediawiki.org/",
Yes,/index.php/Alteration_of_cardiac_function_in_patients_with_temporal_lobe_epilepsy:_Different_roles_of_EEG-ECG_monitoring_and_spectral_analysis_of_RR_variability,"/index.php//www.mediawiki.org/",
Yes,/index.php/Mechanisms_of_sudden_unexpected_death_in_epilepsy:_the_pathway_to_prevention,"/index.php//www.mediawiki.org/",
Yes,/index.php/Mortality_from_epilepsy._International_patterns_and_changes_over_time,"/index.php//www.mediawiki.org/",
Yes,/index.php/EKG_abnormalities_in_children_and_adolescents_with_symptomatic_temporal_lobe_epilepsy,"/index.php//www.mediawiki.org/",
Yes,/index.php/Epidemiology_and_classification_of_epilepsy:_Gender_comparisons,"/index.php//www.mediawiki.org/",
Yes,/index.php/Sudden_unexpected_death_in_epilepsy_in_adults_with_mental_retardation,"/index.php//www.mediawiki.org/",
Yes,/index.php/Sudden_death_in_epilepsy_recorded_in_ambulatory_EEG,"/index.php//www.mediawiki.org/",
Yes,/index.php/Cardiogenic_seizure_with_bradyarrhythmia:_documentation_of_the_mechanism_during_asystole,"/index.php//www.mediawiki.org/",
Yes,/index.php/Feature_selection_methods_for_accelerometry-based_seizure_detection_in_children,"/index.php//www.mediawiki.org/",
Yes,/index.php/Mortality_in_adults_with_newly_diagnosed_and_chronic_epilepsy:_A_retrospective_comparative_study,"/index.php//www.mediawiki.org/",
Yes,/index.php/Ictal_bradycardia_followed_by_cardiac_asystole:_A_case_report,"/index.php//www.mediawiki.org/",
Yes,/index.php/Sudden_unexpected_death_in_epilepsy_patients:_Risk_factors._A_systematic_review,"/index.php//www.mediawiki.org/",
Yes,/index.php/Sudden_unexpected_death_in_epilepsy_in_children_and_adolescents,"/index.php//www.mediawiki.org/",
No,"/index.php/Sudden_unexpected_death_in_epilepsy_(SUDEP):_Donâ€™t_ask,_donâ€™t_tell?",,
Yes,/index.php/The_SUDEP_Risk_Inventory:_Association_with_postictal_generalized_EEG_suppression,"/index.php//www.mediawiki.org/",
Yes,/index.php/Seizure_related_autonomic_changes_in_children,"/index.php//www.mediawiki.org/",
Yes,/index.php/Cardiovascular_autonomic_functions_in_well-controlled_and_intractable_partial_epilepsies,"/index.php//www.mediawiki.org/",
Yes,/index.php/Selective_paralysis_of_voluntary_but_not_limbically_influenced_automatic_respiration,"/index.php//www.mediawiki.org/",
Yes,/index.php/Mortality_from_ischaemic_heart_disease_among_patients_using_anticonvulsive_drugs:_A_case-control_study,"/index.php//www.mediawiki.org/",
No,/index.php/Can_SCN1A_mutations_account_for_SUDEP?,,
Yes,"/index.php/Laryngospasm,_central_and_obstructive_apnea_during_seizures:_Defining_pathophysiology_for_sudden_death_in_a_rat_model","/index.php//www.mediawiki.org/",
Yes,/index.php/Effects_of_seizure_repetition_on_postictal_and_interictal_neurocardiac_regulation_in_the_rat,"/index.php//www.mediawiki.org/",
Yes,/index.php/Sudden_unexpected_death_in_epilepsy:_Terminology_and_definitions,"/index.php//www.mediawiki.org/",
Yes,"/index.php/From_mystery_to_prevention:_Sudden_unexpected_death_in_epilepsy,_time_to_move_on","/index.php//www.mediawiki.org/",
Yes,/index.php/Epilepsy_and_sudden_death,"/index.php//www.mediawiki.org/",
No,/index.php/Sudden_unexpected_deaths_in_epilepsy_â€“_Where_are_we_now?,,
Yes,/index.php/Sudden_death_in_epilepsy:_A_study_of_incidence_in_a_young_cohort_with_epilepsy_and_learning_difficulty,"/index.php//www.mediawiki.org/",
Yes,/index.php/Incidence_of_sudden_unexpected_death_in_an_adult_outpatient_cohort_with_epilepsy_at_a_tertiary_referral_centre,"/index.php//www.mediawiki.org/",
Yes,/index.php/Apnoea_and_bradycardia_during_epileptic_seizures:_Relation_to_sudden_death_in_epilepsy,"/index.php//www.mediawiki.org/",
Yes,/index.php/Circumstances_of_death_in_sudden_death_in_epilepsy:_interviews_of_bereaved_relatives,"/index.php//www.mediawiki.org/",
Yes,/index.php/Sudden_unexpected_death_in_epilepsy_(SUDEP):_Update_and_reflections,"/index.php//www.mediawiki.org/",
Yes,/index.php/Risk_factors_in_sudden_death_in_epilepsy_(SUDEP):_The_quest_for_mechanisms,"/index.php//www.mediawiki.org/",
Yes,/index.php/Unifying_the_definitions_of_sudden_unexpected_death_in_epilepsy,"/index.php//www.mediawiki.org/",
Yes,/index.php/SUDEP:_Time_for_preventionâ€”evidence_and_clinical_translation._Proceedings_from_the_Epilepsy_Research_UK_2014_Expert_Workshop,"/index.php//www.mediawiki.org/",
Yes,/index.php/Patients_with_epilepsy_who_die_suddenly_have_cardiac_disease,"/index.php//www.mediawiki.org/",
Yes,/index.php/EKG_abnormalities_during_partial_seizures_in_refractory_epilepsy,"/index.php//www.mediawiki.org/",
Yes,/index.php/Cardiac_effects_of_seizures,"/index.php//www.mediawiki.org/",
Yes,/index.php/EEG_and_ECG_in_sudden_unexplained_death_in_epilepsy,"/index.php//www.mediawiki.org/",
Yes,/index.php/Respiratory_arrest_from_seizure_discharges_in_the_limbic_system,"/index.php/index.php/Respiratory_modulation_of_neuronal_discharge_in_the_central_nucleus_of_the_amygdala_during_sleep_and_waking_states//www.mediawiki.org/",/index.php/Respiratory_modulation_of_neuronal_discharge_in_the_central_nucleus_of_the_amygdala_during_sleep_and_waking_states
Yes,/index.php/Sudden_death_from_hypoventilation_during_epileptic_seizures,"/index.php//www.mediawiki.org/",
Yes,/index.php/Sudden_and_unexpected_natural_death_in_childhood_and_adolescence,"/index.php//www.mediawiki.org/",
Yes,"/index.php/Cause-specific_mortality_in_epilepsy:_A_cohort_study_of_more_than_9,000_patients_once_hospitalized_for_epilepsy","/index.php//www.mediawiki.org/",
Yes,/index.php/Risk_factors_for_sudden_unexpected_death_in_epilepsy:_A_case-control_study,"/index.php//www.mediawiki.org/",
Yes,/index.php/Antiepileptic_drug_therapy_and_its_management_in_sudden_unexpected_death_in_epilepsy:_A_case-control_study,"/index.php//www.mediawiki.org/",
Yes,/index.php/Mortality_in_a_population-based_cohort_of_epilepsy_surgery_patients,"/index.php//www.mediawiki.org/",
Yes,/index.php/Amygdala-stimulation-induced_apnea_is_attention_and_nasal_breathing_dependent,"/index.php/index.php/Respiratory_modulation_of_neuronal_discharge_in_the_central_nucleus_of_the_amygdala_during_sleep_and_waking_states//www.mediawiki.org/",/index.php/Respiratory_modulation_of_neuronal_discharge_in_the_central_nucleus_of_the_amygdala_during_sleep_and_waking_states
Yes,/index.php/Cardiac_arrhythmias_in_the_differential_diagnosis_of_epilepsy,"/index.php//www.mediawiki.org/",
Yes,/index.php/The_importance_of_the_electrocardiogram_in_ambulatory_electroencephalographic_recordings,"/index.php//www.mediawiki.org/",
Yes,/index.php/Risk_Assessment_for_Sudden_Deathin_Epilepsy:_The_SUDEP-7_Inventory,"/index.php//www.mediawiki.org/",
Yes,"/index.php/The_mortality_associated_with_epilepsy,_with_particular_reference_to_sudden_unexpected_death:_a_review","/index.php//www.mediawiki.org/",
Yes,/index.php/Computerized_seizure_detection_based_on_heart_rate_changes,"/index.php//www.mediawiki.org/",
Yes,/index.php/Comparison_of_antiepileptic_drug_levels_in_sudden_unexpected_deaths_in_epilepsy_with_deaths_from_other_causes,"/index.php//www.mediawiki.org/",/index.php/Comparison_of_anti-epileptic_drug_levels_in_different_cases_of_sudden_death
Yes,/index.php/Prolactin_levels_in_sudden_unexpected_death_in_epilepsy,"/index.php//www.mediawiki.org/",
Yes,/index.php/Sudden_unexpected_death_in_epilepsy_in_Victoria,"/index.php//www.mediawiki.org/",/index.php/Comparison_of_anti-epileptic_drug_levels_in_different_cases_of_sudden_death
No,/index.php/Does_cardiac_conduction_pathology_contribute_to_sudden_unexpected_death_in_epilepsy?,,
Yes,/index.php/Risk_factors_for_sudden_unexpected_death_in_epilepsy:_A_controlled_prospective_study_based_on_coroners_cases,"/index.php//www.mediawiki.org/",
Yes,/index.php/Heart_rate_and_EKG_changes_in_102_seizures:_Analysis_of_influencing_factors,"/index.php//www.mediawiki.org/",
Yes,/index.php/Cardiovascular_effects_of_human_insular_cortex_stimulation,"/index.php/index.php/Unilateral_cerebral_inactivation_produces_differential_left/right_heart_rate_responses//www.mediawiki.org/",/index.php/Unilateral_cerebral_inactivation_produces_differential_left/right_heart_rate_responses
Yes,/index.php/The_Causes_of_Death_in_Epilepsy:_A_Systematic_Review,"/index.php//www.mediawiki.org/",
Yes,/index.php/The_prolonged_QT_syndrome_presenting_as_epilepsy:_A_report_of_two_cases_and_literature_review,"/index.php//www.mediawiki.org/",
Yes,/index.php/Entropy_measures_of_heart_rate_variation_in_conscious_dogs,"/index.php//www.mediawiki.org/",
Yes,/index.php/Patient-centered_design_criteria_for_wearable_seizure_detection_devices,"/index.php//www.mediawiki.org/",
Yes,/index.php/Echo-planar_functional_MR_imaging_of_epilepsy_with_concurrent_EEG_monitoring,"/index.php//www.mediawiki.org/",
Yes,/index.php/Multiple_serotonergic_brainstem_abnormalities_in_sudden_infant_death_syndrome,"/index.php//www.mediawiki.org/",
Yes,/index.php/Potentially_high-risk_cardiac_arrhythmias_with_focal_to_bilateral_tonicâ€“clonic_seizures_and_generalized_tonicâ€“clonic_seizures_are_associated_with_the_duration_of_periictal_hypoxemia,"/index.php//www.mediawiki.org/",
Yes,"/index.php/Temporal_correlations_between_heart_rate,_medullary_units_and_hippocampal_theta_rhythm_in_anesthetized,_sleeping_and_awake_guinea_pigs","/index.php//www.mediawiki.org/",
Yes,/index.php/Sudden_death_in_epilepsy:_A_wake-up_call_for_management,"/index.php//www.mediawiki.org/",
Yes,/index.php/Postictal_generalized_EEG_suppression_and_respiratory_dysfunction_following_generalized_tonicâ€“clonic_seizures_in_sleep_and_wakefulness,"/index.php//www.mediawiki.org/",
Yes,"/index.php/Sudden_unexpected_death_in_epileptics_following_sudden,_intense,_increases_in_geomagnetic_activity:_Prevalence_of_effect_and_potential_mechanisms","/index.php//www.mediawiki.org/",
Yes,"/index.php/Sudden_death_in_epileptic_rats_exposed_to_nocturnal_magnetic_fields_that_simulate_the_shape_and_the_intensity_of_sudden_changes_in_geomagnetic_activity:_An_experiment_in_response_to_Schnabel,_Beblo_and_May","/index.php//www.mediawiki.org/",
Yes,/index.php/Preoperative_heart_rate_variability_in_relation_to_surgery_outcome_in_refractory_epilepsy,"/index.php//www.mediawiki.org/",
Yes,/index.php/No_apparent_effect_of_surgery_for_temporal_lobe_epilepsy_on_heart_rate_variability,"/index.php//www.mediawiki.org/",
Yes,/index.php/Carbamazepine_affects_autonomic_cardiac_control_in_patients_with_newly_diagnosed_epilepsy,"/index.php//www.mediawiki.org/",
Yes,/index.php/Heart_rate_variability_in_patients_with_untreated_epilepsy,"/index.php//www.mediawiki.org/",
Yes,/index.php/Circadian_variation_in_heart-rate_variability_in_localization-related_epilepsy,"/index.php//www.mediawiki.org/",
Yes,/index.php/Severe_pulmonary_congestion_in_a_near_miss_at_the_first_seizure:_Further_evidence_for_respiratory_dysfunction_in_sudden_unexpected_death_in_epilepsy,"/index.php//www.mediawiki.org/",
Yes,/index.php/Sino-auricular_heart_block_as_an_epileptic_manifestation:_A_case_report,"/index.php//www.mediawiki.org/",
Yes,/index.php/Wrist_sensor_reveals_sympathetic_hyperactivity_and_hypoventilation_before_probable_SUDEP,"/index.php//www.mediawiki.org/",
Yes,/resources/assets/poweredby_mediawiki_88x31.png,,
Yes,/index.php/Hippocampal_activity_during_transient_respiratory_events_in_the_freely_behaving_cat,"/index.php//www.mediawiki.org/",
Yes,/index.php/Autonomic_effects_on_stimulating_rostral_portion_of_cingulate_gyri_in_man,"/index.php//www.mediawiki.org/",
Yes,/index.php/Information_on_sudden_deaths_from_epilepsy,"/index.php//www.mediawiki.org/",
Yes,/index.php/Many_people_with_epilepsy_want_to_know_more:_a_qualitative_study,"/index.php//www.mediawiki.org/",
Yes,/index.php/Functional_assessment_of_heart_rate_variability:_physiological_basis_and_practical_applications,"/index.php//www.mediawiki.org/",
Yes,/index.php/Mortality_in_antiepileptic_drug_development_programs,"/index.php//www.mediawiki.org/",
Yes,/index.php/Vagal_elicitation_of_respiratory-type_and_other_unit_responses_in_striopallidum_of_squirrel_monkeys,"/index.php//www.mediawiki.org/",
Yes,/index.php/Vagal_elicitation_of_respiratory-type_and_other_unit_responses_in_basal_limbic_structures_of_squirrel_monkeys,"/index.php//www.mediawiki.org/",
Yes,/index.php/Long-duration_self-sustained_epileptiform_activity_in_the_hippocampal-parahippocampal_slice:_A_model_of_status_epilepticus,"/index.php//www.mediawiki.org/","/index.php/Anticonvulsant_drug_effects_on_spontaneous_thalamocortical_rhythms_in_vitro:_Phenytoin,_carbamazepine,_and_phenobarbital"
Yes,/index.php/The_ictal_bradycardia_syndrome,"/index.php//www.mediawiki.org/",
Yes,/index.php/Bradycardia_and_tachycardia_following_electrical_stimulation_of_the_amygdaloid_region_in_monkey,"/index.php//www.mediawiki.org/",
No,/index.php/Does_lateralized_hemispheric_control_of_cardiovascular_activity_exist?_A_Wada_test_study,,
Yes,/index.php/Capillary_leak_syndrome_with_pulmonary_edema,"/index.php//www.mediawiki.org/",
Yes,/index.php/Cardiac_asystole_in_epilepsy:_Clinical_and_neurophysiologic_features,"/index.php//www.mediawiki.org/",
Yes,/index.php/Suppressed_circadian_heart_rate_dynamics_in_temporal_lobe_epilepsy,"/index.php//www.mediawiki.org/",
Yes,/index.php/Ictal_asystole_with_convulsive_syncope_mimicking_secondary_generalisation:_A_depth_electrode_study,"/index.php//www.mediawiki.org/",
Yes,/index.php/Cardiac_arrhythmias_in_focal_epilepsy:_A_prospective_long-term_study,"/index.php//www.mediawiki.org/",
Yes,/index.php/From_unwitnessed_fatality_to_witnessed_rescue:_Nonpharmacologic_interventions_in_sudden_unexpected_death_in_epilepsy,"/index.php//www.mediawiki.org/",
Yes,/index.php/Cardiovascular_and_respiratory_responses_to_electrical_and_chemical_stimulation_of_the_hippocampus_in_anesthetized_and_awake_rats,"/index.php//www.mediawiki.org/",/index.php/Hippocampal_input_to_a_â€œvisceral_motorâ€ù_corticobulbar_pathway:_An_anatomical_and_electrophysiological_study_in_the_rat
Yes,/index.php/Hippocampal_input_to_a_â€œvisceral_motorâ€ù_corticobulbar_pathway:_An_anatomical_and_electrophysiological_study_in_the_rat,"/index.php/index.php/Cardiovascular_and_respiratory_responses_to_electrical_and_chemical_stimulation_of_the_hippocampus_in_anesthetized_and_awake_rats//www.mediawiki.org/",
Yes,/index.php/Cessation_of_the_pulse_during_the_onset_of_epileptic_fits,"/index.php//www.mediawiki.org/",
No,/index.php/Does_epilepsy_surgery_really_lower_mortality?,,
Yes,/index.php/Excess_mortality_and_sudden_unexpected_death_in_epilepsy,"/index.php//www.mediawiki.org/",
Yes,/index.php/Incidence_and_mechanisms_of_cardiorespiratory_arrests_in_epilepsy_monitoring_units_(MORTEMUS):_a_retrospective_study,"/index.php/index.php/Oxygen_desaturations_triggered_by_partial_seizures:_Implications_for_cardiopulmonary_instability_in_epilepsy/index.php/Epileptic_seizure-induced_hypoxemia_in_infants_with_apparent_life-threatening_events/index.php/Hypoxaemia_and_cardiorespiratory_changes_during_epileptic_seizures_in_young_children//www.mediawiki.org/",/index.php/Sudden_unexpected_death_in_epilepsy:_A_search_for_risk_factors
No,/index.php/Prevention_of_sudden_unexpected_death_in_epilepsy:A_realistic_goal?,,
Yes,/index.php/Risk_of_Sudden_unexpected_death_in_patients_given_adjunctive_epilepsy_treatment_for_refractory_seizures:_a_meta-analysis_of_placebo-controlled_trials,"/index.php//www.mediawiki.org/",
No,/index.php/SUDEP:_To_discuss_or_not?_Recommendations_from_bereaved_relatives.,,
No,/index.php/SUDEP:_What_do_adult_patients_want_to_know?,,
No,/index.php/SUDEP:_what_do_parents_want_to_know?,,
Yes,"/index.php/Efficacy_of_naloxone_in_reducing_postictal_central_respiratory_dysfunction_in_patients_with_epilepsy:_study_protocol_for_a_double-blind,_randomized,_placebo-controlled_trial","/index.php/index.php/Talk:Efficacy_of_naloxone_in_reducing_postictal_central_respiratory_dysfunction_in_patients_with_epilepsy:_study_protocol_for_a_double-blind,_randomized,_placebo-controlled_trial//www.mediawiki.org/","/index.php/Talk:Efficacy_of_naloxone_in_reducing_postictal_central_respiratory_dysfunction_in_patients_with_epilepsy:_study_protocol_for_a_double-blind,_randomized,_placebo-controlled_trial"
Yes,"/index.php/Talk:Efficacy_of_naloxone_in_reducing_postictal_central_respiratory_dysfunction_in_patients_with_epilepsy:_study_protocol_for_a_double-blind,_randomized,_placebo-controlled_trial","/index.php/index.php/Efficacy_of_naloxone_in_reducing_postictal_central_respiratory_dysfunction_in_patients_with_epilepsy:_study_protocol_for_a_double-blind,_randomized,_placebo-controlled_trial//www.mediawiki.org/","/index.php/Efficacy_of_naloxone_in_reducing_postictal_central_respiratory_dysfunction_in_patients_with_epilepsy:_study_protocol_for_a_double-blind,_randomized,_placebo-controlled_trial"
Yes,"/index.php/Temporal_lobe_epilepsy_surgery:_Outcome,_complications,_and_late_mortality_rate_in_215_patients","/index.php//www.mediawiki.org/",
No,/index.php/Temporal_lobe_epilepsy:_effect_of_focus_side_on_the_autonomic_regulation_of_heart_rate?,,
Yes,/index.php/Mortality_in_epilepsy_in_the_west_of_Ireland:_A_10-year_review,"/index.php//www.mediawiki.org/",
Yes,/index.php/Reducing_mortality:_An_important_aim_of_epilepsy_management,"/index.php//www.mediawiki.org/",
Yes,/index.php/Direct_hypothalamo-autonomic_connections,"/index.php//www.mediawiki.org/",
Yes,/index.php/Causes_of_sudden_unexpected_deaths_in_young_and_middle-aged_persons,"/index.php//www.mediawiki.org/",
Yes,/index.php/Autonomic_changes_following_generalized_tonic_clonic_seizures:_An_analysis_of_adult_and_pediatric_patients_with_epilepsy,"/index.php//www.mediawiki.org/",
Yes,/index.php/Case-control_study_of_associated_conditions_at_the_time_of_death_in_patients_with_epilepsy,"/index.php//www.mediawiki.org/",
Yes,"/index.php/A_comparison_of_the_efferents_of_the_amygdala_and_the_hippocampal_formation_in_the_rhesus_monkey:_I._Convergence_in_the_entorhinal,_prorhinal,_and_perirhinal_cortices","/index.php//www.mediawiki.org/",/index.php/Respiratory_modulation_of_neuronal_discharge_in_the_central_nucleus_of_the_amygdala_during_sleep_and_waking_states
Yes,/index.php/Comparison_of_the_efferents_of_the_amygdala_and_the_hippocampal_formation_in_the_rhesus_monkey:_II._Reciprocal_and_non-reciprocal_connections,"/index.php//www.mediawiki.org/",/index.php/Respiratory_modulation_of_neuronal_discharge_in_the_central_nucleus_of_the_amygdala_during_sleep_and_waking_states
No,/index.php/Is_geomagnetic_activity_a_risk_factor_for_sudden_unexplained_death_in_epilepsies?,,
No,/index.php/Is_sudden_unexplained_death_in_adult_epileptic_patients_associated_with_geomagnetic_disturbances_at_the_day_of_death_or_the_4_days_before?,,
No,/index.php/Are_geomagnetic_disturbances_a_risk_factor_for_the_sudden_unexplained_death_of_epileptic_children?,,
Yes,/index.php/Cardiac_neural_discharge_and_epileptogenic_activity_in_the_cat:_An_animal_model_for_unexplained_death,"/index.php//www.mediawiki.org/",
Yes,"/index.php/Paroxysmal_autonomic_dysfunction,_epileptogenic_activity_and_sudden_death","/index.php//www.mediawiki.org/",
Yes,/index.php/Coroner_and_medical_examiner_documentation_of_sudden_unexplained_deaths_in_epilepsy,"/index.php//www.mediawiki.org/",
Yes,/index.php/A_nationwide_survey_of_the_extent_of_autopsy_in_sudden_unexplained_death_in_epilepsy,"/index.php//www.mediawiki.org/",
Yes,/index.php/Videoelectrographic_and_clinical_features_in_patients_with_ictal_asystole,"/index.php//www.mediawiki.org/",
Yes,/index.php/Sudden_unexplained_death_in_epilepsy:_The_role_of_the_heart,"/index.php//www.mediawiki.org/",
No,/index.php/Ictal_asystole:_A_benign_condition?,,
Yes,/index.php/Anoxia-ischemia:_A_mechanism_of_seizure_termination_in_ictal_asystole,"/index.php//www.mediawiki.org/",
Yes,/index.php/Prolongation_of_the_QT_interval_and_the_sudden_infant_death_syndrome,"/index.php//www.mediawiki.org/",
Yes,/index.php/Cardiac_arrhythmias_of_genetic_origin_are_important_contributors_to_sudden_infant_death_syndrome,"/index.php//www.mediawiki.org/",
Yes,/index.php/Neural_control_of_heart_rate_is_an_arrhythmia_risk_modifier_in_long_QT_syndrome,"/index.php//www.mediawiki.org/",
Yes,/index.php/Evaluation_of_sudden_death_in_epilepsy,"/index.php//www.mediawiki.org/",
No,/index.php/Could_sudden_death_syndrome_(SDS)_in_chickens_(Gallus_gallus)_be_a_valid_animal_model_for_sudden_unexpected_death_in_epilepsy_(SUDEP)?,,
No,/index.php/Preventing_tomorrowâ€™s_sudden_cardiac_death_in_epilepsy_today:_What_should_physicians_know_about_this?,,
No,/index.php/Adult_hippocampal_neurogenesis_and_sudden_unexpected_death_in_epilepsy:_Reality_or_just_an_attractive_history?,,
Yes,/index.php/The_other_side_of_the_coin:_Beneficiary_effect_of_omega-3_fatty_acids_in_sudden_unexpected_death_in_epilepsy,"/index.php//www.mediawiki.org/",
Yes,/index.php/Benefits_of_sunlight:_Vitamin_D_deficiency_might_increase_the_risk_of_sudden_unexpected_death_in_epilepsy,"/index.php//www.mediawiki.org/",
Yes,/index.php/An_animal_model_for_SUDEP:_The_questions_shape_the_answers,"/index.php//www.mediawiki.org/",
No,/index.php/Could_sudden_cardiac_death_in_epilepsy_be_related_to_the_occurrence_of_thalamic_dysfunction_or_anatomic_change?,,
Yes,/index.php/Cardiac_asystole_in_partial_seizures,"/index.php//www.mediawiki.org/",
Yes,"/index.php/Seizures_and_brain_regulatory_systems:_consciousness,_sleep,_and_autonomic_systems","/index.php//www.mediawiki.org/",
Yes,/index.php/Stertorous_breathing_is_a_reliably_identified_sign_that_helps_in_the_differentiation_of_epileptic_from_psychogenic_non-epileptic_convulsions:_An_audit,"/index.php//www.mediawiki.org/",
Yes,/index.php/Takotsubo_cardiomyopathy_associated_with_status_epilepticus,"/index.php//www.mediawiki.org/",
Yes,/index.php/Ictal_apnea_linked_to_contralateral_spread_of_temporal_lobe_seizures:_Intracranial_EEG_recordings_in_refractory_temporal_lobe_epilepsy,"/index.php//www.mediawiki.org/",
Yes,/index.php/Respiratory_changes_with_seizures_in_localization-related_epilepsy:_Analysis_of_periictal_hypercapnia_and_airflow_patterns,"/index.php//www.mediawiki.org/",
Yes,/index.php/Postictal_generalized_EEG_suppression_is_linked_to_seizure-associated_respiratory_dysfunction_but_not_postictal_apnea,"/index.php//www.mediawiki.org/",
Yes,"/index.php/Impact_of_periictal_interventions_on_respiratory_dysfunction,_postictal_EEG_suppression,_and_postictal_immobility","/index.php//www.mediawiki.org/",
No,/index.php/Can_technology_help_reduce_risk_of_harm_in_patients_with_epilepsy?,,
No,/index.php/Keeping_patients_with_epilepsy_safe:_a_surmountable_challenge?,,
Yes,/index.php/A_novel_mouse_model_for_sudden_unexpected_death_in_epilepsy_(SUDEP):_Role_of_impaired_adenosine_clearance,"/index.php//www.mediawiki.org/",
Yes,/index.php/Long-term_mortality_in_childhood-onset_epilepsy,"/index.php//www.mediawiki.org/",
Yes,/index.php/The_descending_afferent_connections_of_the_paraventricular_nucleus_of_the_hypothalamus_(pvn),"/index.php//www.mediawiki.org/",
Yes,/index.php/Changes_in_plasma_catecholamines_after_tonic-clonic_seizures,"/index.php//www.mediawiki.org/",
Yes,/index.php/Epileptic_sudden_death:_Animal_models,"/index.php//www.mediawiki.org/",
Yes,/index.php/Partial_seizures_presenting_as_life-threatening_apnea,"/index.php//www.mediawiki.org/",
Yes,/index.php/Profiles_of_instant_heart_rate_during_partial_seizures,"/index.php//www.mediawiki.org/",
Yes,/index.php/A_case_of_seizure-related_bradycardia_and_asystole,"/index.php//www.mediawiki.org/",
No,/index.php/Deaths_from_epilepsy:_What_next?,,
Yes,/index.php/Postictal_central_apnea_as_a_cause_of_SUDEP:_Evidence_from_near-SUDEP_incident,"/index.php//www.mediawiki.org/",
No,/index.php/Demystifying_sudden_unexplained_death_in_epilepsy_â€“_Are_we_close?,,
No,/index.php/What_is_known_about_the_mechanisms_underlying_SUDEP?,,
Yes,/index.php/Symposium_on_the_neurophysiology_of_Sudden_Unexpected_Death_in_Epilepsy,"/index.php//www.mediawiki.org/",
Yes,/index.php/Report_of_the_American_Epilepsy_Society_and_the_Epilepsy_Foundation_joint_task_force_on_sudden_unexplained_death_in_epilepsy,"/index.php//www.mediawiki.org/",
No,/index.php/Is_cold_the_new_hot_in_sudden_unexpected_death_in_epilepsy?_Effect_of_low_temperature_on_heart_rate_of_rats_with_epilepsy,,
Yes,/index.php/Seizure_control_and_mortality_in_epilepsy,"/index.php//www.mediawiki.org/",
Yes,/index.php/A_reprassial_of_mortality_after_epilepsy_surgery,"/index.php//www.mediawiki.org/",
Yes,/index.php/Prevalence_of_cardiac_conduction_disturbances_during_carbamazepine_treatment:_Preliminary_data,"/index.php//www.mediawiki.org/",/index.php/Increased_QT_dispersion_in_epileptic_children
Yes,"/index.php/Changes_in_respiratory-modulated_neural_activities,_consistent_with_obstructive_and_central_apnea,_during_fictive_seizures_in_an_in_situ_anaesthetized_rat_preparation","/index.php//www.mediawiki.org/",
Yes,/index.php/Long-term_survival_after_epilepsy_surgery_compared_with_matched_epilepsy_controls_and_the_general_population,"/index.php//www.mediawiki.org/",
Yes,/index.php/Insights_from_the_study_of_heart_rate_variability,"/index.php//www.mediawiki.org/",
Yes,/index.php/Effects_of_vagus_nerve_stimulation_on_cardiovascular_regulation_in_patients_with_epilepsy,"/index.php//www.mediawiki.org/",
Yes,/index.php/Obstructive_apnea_due_to_laryngospasm_links_ictal_to_postictal_events_in_SUDEP_cases_and_offers_practical_biomarkers_for_review_of_past_cases_and_prevention_of_new_ones,"/index.php//www.mediawiki.org/",
Yes,/index.php/Observations_on_some_cases_of_permanently_slow_pulse,"/index.php/index.php/Cases_of_diseases_of_the_heart_accompanied_with_pathological_observations//www.mediawiki.org/",/index.php/Cases_of_diseases_of_the_heart_accompanied_with_pathological_observations
Yes,/index.php/Cardiorespiratory_findings_in_sudden_unexplained/unexpected_death_in_epilepsy_(SUDEP),"/index.php//www.mediawiki.org/",
Yes,/index.php/Brain_or_heart-that_is_the_question,"/index.php//www.mediawiki.org/",
Yes,"/index.php/Development_of_cardiac_innervation,_ventricular_fibrillation,_and_sudden_infant_death_syndrome","/index.php//www.mediawiki.org/",
No,/index.php/Epilepsy_and_the_long_QT_syndrome:_is_there_a_link?_â€“_Commentary_on_Hindocha_et_al.,,
No,/index.php/Epilepsy:_A_â€˜going_apeâ€™_model_for_SUDEP?,,
Yes,/index.php/Ictal_asystole_in_temporal_lobe_epilepsy_before_and_after_pacemaker_implantation,"/index.php/index.php/Ictal_asystole_â€“_Late_manifestation_of_partial_epilepsy_and_importance_of_cardiac_pacemaker//www.mediawiki.org/",/index.php/Ictal_asystole_â€“_Late_manifestation_of_partial_epilepsy_and_importance_of_cardiac_pacemaker
Yes,/index.php/Postictal_increase_in_T-wave_alternans_after_generalized_tonicâ€“clonic_seizures,"/index.php//www.mediawiki.org/",
No,/index.php/Do_alterations_in_inter-ictal_heart_rate_variability_predict_sudden_unexpected_death_in_epilepsy?,,
Yes,/index.php/Sudden_unexpected_death_in_epilepsy:_Risk_factors_and_potential_pathomechanisms,"/index.php//www.mediawiki.org/",
Yes,/index.php/Pathologic_cardiac_repolarization_in_pharmacoresistant_epilepsy_and_its_potential_role_in_sudden_unexpected_death_in_epilepsy:_a_case-control_study,"/index.php//www.mediawiki.org/",
Yes,/index.php/Postictal_generalized_electroencephalographic_suppression_is_associated_with_generalized_seizures,"/index.php/index.php/Postictal_generalized_EEG_suppression:_an_inconsistent_finding_in_people_with_multiple_seizures//www.mediawiki.org/",/index.php/An_electroclinical_case-control_study_of_sudden_unexpected_death_in_epilepsy
Yes,/index.php/Heart_rate_differences_between_right_and_left_unilateral_electroconvulsive_therapy,"/index.php//www.mediawiki.org/",
No,/index.php/Mortality_in_captive_baboons_with_seizures:_A_new_model_for_SUDEP?,,
Yes,/index.php/Ictal_changes_in_parasympathetic_tone:_Prediction_of_postictal_oxygen_desaturation,"/index.php//www.mediawiki.org/",
Yes,"/index.php/Assessing_the_link_between_omega-3_fatty_acids,_cardiac_arrest,_and_sudden_unexpected_death_in_epilepsy","/index.php//www.mediawiki.org/",
Yes,"/index.php/Heart_rate_variability:_Standards_of_measurement,_physiological_interpretation_and_clinical_use","/index.php//www.mediawiki.org/",
Yes,/index.php/Severe_postictal_laryngospasm_as_a_potential_mechanism_for_sudden_unexpected_death_in_epilepsy:_A_near-miss_in_an_EMU,"/index.php//www.mediawiki.org/",/index.php/CNS_innervation_of_posterior_cricoarytenoid_muscles:_A_transneuronal_labeling_study
No,/index.php/Electrocardiograph_QT_lengthening_associated_with_epileptiform_EEG_discharges_â€“_A_role_in_sudden_unexplained_death_in_epilepsy?,,
Yes,/index.php/Short_QTc_in_epilepsy_patients_without_cardiac_symptoms,"/index.php//www.mediawiki.org/",/index.php/Increased_QT_dispersion_in_epileptic_children
Yes,/index.php/Sudden_unexpected_death_in_epilepsy:_Evidence-based_analysis_of_incidence_and_risk_factors,"/index.php//www.mediawiki.org/",/index.php/Comparison_of_anti-epileptic_drug_levels_in_different_cases_of_sudden_death
Yes,"/index.php/Cohort_study_of_incidence_of_sudden_unexplained_death_in_persons_with_seizure_disorder_treated_with_antiepileptic_drugs_in_Saskatchewan,_Canada","/index.php//www.mediawiki.org/",
No,/index.php/Does_the_lunar_phase_have_an_effect_on_sudden_unexpected_death_in_epilepsy?,,
Yes,"/index.php/Neurogenic_pulmonary_edema_in_unexpected,_unexplained_death_of_epileptic_patients","/index.php//www.mediawiki.org/",
Yes,"/index.php/Unexpected,_unexplained_death_in_epileptic_patients","/index.php//www.mediawiki.org/",
Yes,/index.php/Ictal_apnea_of_epileptic_origin,"/index.php//www.mediawiki.org/",
Yes,/index.php/Pathogenesis_of_neurogenic_pulmonary_oedema,"/index.php//www.mediawiki.org/",
Yes,/index.php/Speculations_on_neurogenic_pulmonary_edema_(NPE),"/index.php//www.mediawiki.org/",
Yes,/index.php/Amygdala_sclerosis_in_sudden_and_unexpected_death_in_epilepsy,"/index.php/index.php/Cardiac_and_respiratory_correlations_with_unit_discharge_in_human_amygdala_and_hippocampus/index.php/Respiratory_modulation_of_neuronal_discharge_in_the_central_nucleus_of_the_amygdala_during_sleep_and_waking_states//www.mediawiki.org/",/index.php/Respiratory_modulation_of_neuronal_discharge_in_the_central_nucleus_of_the_amygdala_during_sleep_and_waking_states
Yes,/index.php/Sudden_and_unexpected_death_in_epilepsy_(SUDEP):_evidence_of_acute_neuronal_injury_using_HSP-70_and_c-Jun_immunohistochemistry,"/index.php//www.mediawiki.org/",
Yes,/index.php/Sudden_unexpected_death_in_epilepsy:_assessing_the_public_health_burden,"/index.php//www.mediawiki.org/",
No,/index.php/Sudden_unexpected_death_in_epilepsy:_is_death_by_seizures_a_cardiac_disease?,,
Yes,/index.php/Sudden_unexpected_death_in_epilepsy:_A_local_audit,"/index.php//www.mediawiki.org/",
No,/index.php/Sudden_unexpected_death_in_epilepsy:_Is_carbamazepine_implicated?,,
Yes,/index.php/Ictal_bradycardia_in_partial_epileptic_seizures:_Autonomic_investigation_in_three_cases_and_literature_review,"/index.php//www.mediawiki.org/",
Yes,/index.php/Heart_rate_variability_in_patients_with_epilepsy,"/index.php//www.mediawiki.org/",
Yes,/index.php/Postmortem_changes_in_blood_concentrations_of_phenytoin_and_carbamazepine:_An_experimental_study,"/index.php//www.mediawiki.org/",
No,/index.php/Genetic_screening_for_SUDEP?_â€“_Commentary_on_Hindocha_et_al.,,
Yes,/index.php/Life_expectancy_in_epilepsy,"/index.php//www.mediawiki.org/",
Yes,/index.php/Sudden_unexpected_death_in_epilepsy:_a_review_of_incidence_and_risk_factors,"/index.php//www.mediawiki.org/",
Yes,/index.php/Cardiopulmonary_surveillance_to_prevent_SUDEP_â€“_Authorsâ€™_reply,"/index.php//www.mediawiki.org/",
No,"/index.php/Who_to_target_in_sudden_unexpected_death_in_epilepsy_prevention_and_how?_Risk_factors,_biomarkers,_and_intervention_study_designs",,
Yes,"/index.php/Medical_risks_in_epilepsy:_a_review_with_focus_on_physical_injuries,_mortality,_traffic_accidents_and_their_prevention","/index.php//www.mediawiki.org/",
Yes,/index.php/Post-mortem_review_and_genetic_analysis_of_sudden_unexpected_death_in_epilepsy_cases,"/index.php//www.mediawiki.org/",
Yes,/index.php/Evidence_supporting_a_role_of_serotonin_in_modulation_of_sudden_death_induced_by_seizures_in_DBA/2_mice,"/index.php//www.mediawiki.org/",
No,/index.php/Tongue_bite_injuries_â€“_A_diagnostic_criterium_for_death_in_epileptic_seizure?,,
No,/index.php/Non-EEG_based_ambulatory_seizure_detection_designed_for_home_use:_What_is_available_and_how_will_it_influence_epilepsy_care?,,
Yes,/index.php/Some_autonomic_concomitants_of_ictal_automatism;_A_study_of_temporal_lobe_attack,"/index.php//www.mediawiki.org/",
Yes,"/index.php/Sensory,_motor_and_autonomic_effects_of_mesial_temporal_stimulation_in_man","/index.php//www.mediawiki.org/",
Yes,/index.php/A_correlation_of_autonomic_and_EEG_components_in_temporal_lobe_epilepsy,"/index.php//www.mediawiki.org/",
No,/index.php/Automated_non-EEG_based_seizure_detection:_Do_users_have_a_say?,,
Yes,/index.php/Non-EEG_seizure_detection_systems_and_potential_SUDEP_prevention:_State_of_the_art:_Review_and_update,"/index.php//www.mediawiki.org/",
Yes,/index.php/Cardiac_arrhythmias_during_or_after_epileptic_seizures,"/index.php//www.mediawiki.org/",
Yes,/index.php/Lamotrigine_in_idiopathic_epilepsy_â€“_Increased_risk_of_cardiac_death,"/index.php//www.mediawiki.org/",
Yes,"/index.php/Bradycardia,_an_epileptic_ictal_manifestation","/index.php//www.mediawiki.org/",
Yes,/index.php/Tracking_generalized_tonic-clonic_seizures_with_a_wrist_accelerometer_linked_to_an_online_database,"/index.php//www.mediawiki.org/",
Yes,/index.php/Oxygenation_prevents_sudden_death_in_seizure-prone_mice,"/index.php//www.mediawiki.org/",
Yes,/index.php/Idiopathic_cardiac_asystole_presenting_as_an_intractable_adult_onset_partial_seizure_disorder,"/index.php//www.mediawiki.org/",
Yes,/index.php/Baseline_elevation_and_reduction_in_cardiac_electrical_instability_assessed_by_quantitative_T-wave_alternans_in_patients_with_drug-resistant_epilepsy_treated_with_vagus_nerve_stimulation_in_the_AspireSR_E-36_trial,"/index.php//www.mediawiki.org/",
Yes,/index.php/Ascending_projection_from_the_respiratory_centre_to_mesencephalon_and_diencephalon,"/index.php//www.mediawiki.org/",
Yes,/index.php/Outcomes_in_248_patients_who_had_diagnostic_evaluations_for_epilepsy_surgery,"/index.php//www.mediawiki.org/",
Yes,/index.php/SUDEP_in_the_Netherlands:_A_retrospective_study_in_a_tertiary_referral_center,"/index.php//www.mediawiki.org/",
Yes,/index.php/Incidence_and_risk_factors_in_sudden_unexpected_death_in_epilepsy:_A_prospective_cohort_study,"/index.php//www.mediawiki.org/",/index.php/Comparison_of_anti-epileptic_drug_levels_in_different_cases_of_sudden_death
No,/index.php/Do_antiepileptic_drugs_play_a_role_in_sudden_unexpected_death_in_epilepsy?,,
Yes,/index.php/CNS_innervation_of_posterior_cricoarytenoid_muscles:_A_transneuronal_labeling_study,"/index.php/index.php/Severe_postictal_laryngospasm_as_a_potential_mechanism_for_sudden_unexpected_death_in_epilepsy:_A_near-miss_in_an_EMU//www.mediawiki.org/",
Yes,/index.php/Sudden_unexplained_death_in_children_with_epilepsy:_A_cohort_study_with_an_eighteen-year_follow-up,"/index.php//www.mediawiki.org/",
Yes,/index.php/Complete_atrio-ventricular_conduction_block_during_complex_partial_seizure,"/index.php//www.mediawiki.org/",
Yes,/index.php/Heart_rate_changes_during_partial_seizures:_a_study_amongst_Singaporean_patients,"/index.php//www.mediawiki.org/",
Yes,/index.php/Variability_of_antiepileptic_medication_taking_behaviour_in_sudden_unexplained_death_in_epilepsy:_Hair_analysis_at_autopsy,"/index.php//www.mediawiki.org/",
Yes,/index.php/18-year_old_patient_with_anti-epileptic_therapy_and_sudden_cardiac_death,"/index.php//www.mediawiki.org/",
Yes,/index.php/Impact_of_periictal_nurse_interventions_on_postictal_generalized_EEG_suppression_in_generalized_convulsive_seizures,"/index.php//www.mediawiki.org/",
Yes,/index.php/Power_spectrum_analysis_of_heart_rate_variability_in_children_with_epilepsy,"/index.php//www.mediawiki.org/",
Yes,/index.php/Cerebral_hemispheric_lateralization_in_cardiac_autonomic_control,"/index.php//www.mediawiki.org/",
Yes,/index.php/Direct_projections_from_the_ventrolateral_medulla_oblongata_to_the_limbic_forebrain:_Anterograde_and_retrograde_tract-tracing_studies_in_the_rat,"/index.php/index.php/Amygdaloid_projections_to_the_mesencephalon,_pons_and_medulla_oblongata_in_the_cat//www.mediawiki.org/","/index.php/Amygdaloid_projections_to_the_mesencephalon,_pons_and_medulla_oblongata_in_the_cat"
Yes,/index.php/Unilateral_cerebral_inactivation_produces_differential_left/right_heart_rate_responses,"/index.php/index.php/Cardiovascular_effects_of_human_insular_cortex_stimulation//www.mediawiki.org/",/index.php/Cardiovascular_effects_of_human_insular_cortex_stimulation
Yes,/index.php/Respiratory_modulation_of_neuronal_discharge_in_the_central_nucleus_of_the_amygdala_during_sleep_and_waking_states,"/index.php/index.php/Breathing_inhibited_when_seizures_spread_to_the_amygdala_and_upon_amygdala_stimulation/index.php/Cardiac_and_respiratory_correlations_with_unit_discharge_in_human_amygdala_and_hippocampus/index.php/Sleep_states_attenuate_the_pressor_response_to_central_amygdala_stimulation/index.php/Amygdaloid_projections_to_the_mesencephalon,_pons_and_medulla_oblongata_in_the_cat","/index.php/Breathing_inhibited_when_seizures_spread_to_the_amygdala_and_upon_amygdala_stimulation/index.php/Amygdala_and_hippocampus_are_symptomatogenic_zones_for_central_apneic_seizures/index.php/Respiratory_arrest_from_seizure_discharges_in_the_limbic_system/index.php/Amygdala-stimulation-induced_apnea_is_attention_and_nasal_breathing_dependent/index.php/Amygdala_sclerosis_in_sudden_and_unexpected_death_in_epilepsy"
Yes,"/index.php/Anticonvulsant_drug_effects_on_spontaneous_thalamocortical_rhythms_in_vitro:_Phenytoin,_carbamazepine,_and_phenobarbital","/index.php/index.php/Long-duration_self-sustained_epileptiform_activity_in_the_hippocampal-parahippocampal_slice:_A_model_of_status_epilepticus//www.mediawiki.org/",
Yes,/index.php/Heart_rate_changes_and_ECG_abnormalities_during_epileptic_seizures:_Prevalence_and_definition_of_an_objective_clinical_sign,"/index.php/index.php/Ictal_asystole_â€“_Late_manifestation_of_partial_epilepsy_and_importance_of_cardiac_pacemaker//www.mediawiki.org/",/index.php/Ictal_asystole_â€“_Late_manifestation_of_partial_epilepsy_and_importance_of_cardiac_pacemaker
Yes,/index.php/Ictal_asystole_â€“_Late_manifestation_of_partial_epilepsy_and_importance_of_cardiac_pacemaker,"/index.php/index.php/Ictal_asystole_in_temporal_lobe_epilepsy_before_and_after_pacemaker_implantation/index.php/Heart_rate_changes_and_ECG_abnormalities_during_epileptic_seizures:_Prevalence_and_definition_of_an_objective_clinical_sign//www.mediawiki.org/","/index.php/Ictal_asystole_in_temporal_lobe_epilepsy_before_and_after_pacemaker_implantation/index.php/Heart_rate_changes_and_ECG_abnormalities_during_epileptic_seizures:_Prevalence_and_definition_of_an_objective_clinical_sign"
No,//www.mediawiki.org/,,"/index.php/Epilepsy_and_sudden_death:_notes_from_George_Washington's_diaries_on_the_illness_and_death_of_Martha_Parke-Custis_(1756-1773)/index.php/The_sudden_death_of_Patsy_Custis,_or_George_Washington_on_sudden_unexplained_death_in_epilepsy/index.php/Sudden_unexpected_death_in_epilepsy:_Current_knowledge_and_future_directions/index.php/Cardiac_causes_of_sudden_unexpected_death_in_children_and_their_relationship_to_seizures_and_syncope:_Genetic_testing_for_cardiac_electropathies/index.php/Cases_of_diseases_of_the_heart_accompanied_with_pathological_observations"